Cliente,Activo_Total_millones,Ingresos_Netos_millones,Gastos_Operativos_millones,Margen_Financiero_Neto_millones,Fondos_Disponibles_millones,Depositos_Corto_Plazo_millones,Prestamos_Totales_millones,Prestamos_Morosos_millones,Liquidez_de_Corto_Plazo,Tasa_de_Morosidad,Grado_AbsorciÃ³n
Cliente_1,6394.629,6.093,24.369,12.203,73.411,4.332,49.581,2.483,16.948,5.009,1.997
Cliente_1,251.083,7.527,21.246,11.081,14.124,2.886,35.600,6.734,4.895,18.915,1.917
Cliente_1,2751.018,5.133,10.867,8.275,30.511,3.403,32.278,5.697,8.966,17.651,1.313
Cliente_1,2232.884,5.994,5.509,14.610,36.045,9.430,37.385,2.609,3.822,6.979,0.377
Cliente_1,7364.976,8.249,28.759,5.989,17.181,6.832,43.714,5.881,2.515,13.453,4.802
Cliente_1,6767.318,7.725,10.761,8.505,30.951,6.482,41.040,3.495,4.775,8.517,1.265
Cliente_1,8921.903,6.102,3.690,12.526,19.090,2.540,19.162,3.521,7.515,18.376,0.295
Cliente_1,870.301,7.946,3.805,9.469,35.018,7.562,11.284,1.097,4.631,9.718,0.402
Cliente_1,4219.796,9.047,25.577,12.995,67.212,2.471,22.618,1.364,27.204,6.033,1.968
Cliente_1,298.942,5.032,18.508,8.872,42.835,4.415,20.710,1.178,9.702,5.686,2.086
Cliente_2,5614.120,5.548,1.333,13.200,78.626,3.768,29.011,5.776,20.869,19.908,0.101
Cliente_2,2628.153,8.137,21.901,4.319,58.544,1.521,31.992,4.270,38.482,13.348,5.071
Cliente_2,5846.275,8.960,20.770,7.758,80.076,8.902,20.602,1.921,8.995,9.324,2.677
Cliente_2,8978.331,7.111,16.572,3.090,57.732,9.523,44.897,4.864,6.063,10.834,5.362
Cliente_2,3994.606,5.318,8.738,13.733,10.051,1.771,26.926,0.888,5.676,3.299,0.636
Cliente_2,2193.988,6.908,19.588,13.123,39.174,5.374,18.472,0.973,7.290,5.269,1.493
Cliente_2,9975.379,9.981,4.235,4.827,11.753,1.623,31.572,2.344,7.242,7.424,0.877
Cliente_2,5095.753,7.646,13.608,9.765,93.619,7.845,39.197,4.773,11.933,12.178,1.394
Cliente_2,910.003,9.855,14.158,9.330,89.085,7.893,18.046,0.969,11.287,5.372,1.517
Cliente_2,472.117,9.304,28.661,2.716,84.850,2.156,22.469,1.165,39.364,5.184,10.552
Cliente_3,710.860,9.678,22.143,6.617,97.210,3.387,48.748,1.229,28.702,2.522,3.346
Cliente_3,6311.398,7.855,20.528,4.539,93.373,8.057,33.167,1.503,11.590,4.531,4.523
Cliente_3,2290.189,7.363,29.541,4.122,86.383,5.095,31.688,3.899,16.954,12.306,7.166
Cliente_3,9054.295,8.923,3.854,13.887,24.968,4.807,39.919,5.520,5.194,13.829,0.278
Cliente_3,8596.494,9.037,12.676,6.925,53.708,9.616,12.287,0.672,5.585,5.469,1.830
Cliente_3,709.503,5.952,10.840,12.990,29.237,9.959,33.367,1.094,2.936,3.278,0.834
Cliente_3,2380.808,5.485,25.989,8.480,46.094,6.002,30.114,5.395,7.680,17.915,3.065
Cliente_3,6690.109,7.155,8.211,1.234,15.277,7.466,44.109,2.505,2.046,5.678,6.657
Cliente_3,2143.154,7.118,6.516,14.990,44.108,2.393,16.297,2.004,18.431,12.296,0.435
Cliente_3,1323.986,7.335,14.010,12.622,98.678,3.670,48.431,6.184,26.885,12.768,1.110
Cliente_4,4192.830,6.581,26.545,12.348,74.585,1.032,46.157,8.345,72.279,18.080,2.150
Cliente_4,5837.139,8.759,26.499,4.841,28.324,7.940,31.824,1.588,3.567,4.991,5.474
Cliente_4,5228.304,5.363,11.716,10.119,67.081,6.734,43.384,2.491,9.962,5.741,1.158
Cliente_4,9347.128,7.291,5.575,14.114,33.759,3.358,33.300,0.983,10.054,2.953,0.395
Cliente_4,2043.388,9.992,25.179,2.447,53.968,7.671,15.924,2.519,7.035,15.822,10.289
Cliente_4,7162.202,9.980,21.403,2.174,91.480,5.965,15.098,2.687,15.336,17.799,9.846
Cliente_4,2387.621,5.366,18.739,2.052,86.149,4.849,22.330,1.947,17.766,8.721,9.132
Cliente_4,3958.463,6.066,29.630,8.522,18.307,1.087,45.959,5.879,16.841,12.793,3.477
Cliente_4,6717.231,6.326,19.965,4.449,48.122,1.677,41.845,1.647,28.692,3.937,4.488
Cliente_4,3000.671,9.666,1.227,9.270,34.901,8.948,44.428,8.294,3.900,18.668,0.132
Cliente_5,8646.192,9.054,24.065,14.727,75.569,5.846,38.790,7.042,12.926,18.153,1.634
Cliente_5,9762.084,6.334,7.600,8.275,38.231,7.475,22.013,2.794,5.115,12.695,0.918
Cliente_5,8107.906,8.937,1.686,14.119,64.559,7.678,22.371,1.503,8.409,6.718,0.119
Cliente_5,8814.281,5.540,6.601,2.172,56.028,7.036,26.336,3.005,7.963,11.411,3.038
Cliente_5,248.839,9.361,10.520,14.571,44.668,4.278,26.096,0.263,10.441,1.008,0.722
Cliente_5,7365.908,9.293,26.066,3.089,61.893,1.630,21.826,1.408,37.977,6.451,8.438
Cliente_5,3322.522,6.112,29.040,14.457,32.925,6.978,15.092,1.384,4.718,9.168,2.009
Cliente_5,9308.228,9.083,9.095,4.349,73.791,3.972,26.818,3.223,18.579,12.020,2.091
Cliente_5,8022.549,7.302,19.603,2.072,10.152,3.825,47.615,6.399,2.654,13.439,9.462
Cliente_5,8640.776,6.526,12.591,6.801,93.302,8.632,37.093,3.648,10.809,9.835,1.851
Cliente_6,4422.156,9.092,13.019,2.046,70.082,9.075,13.099,1.145,7.723,8.744,6.365
Cliente_6,2137.800,8.756,19.263,6.665,98.910,7.693,21.429,2.424,12.857,11.310,2.890
Cliente_6,4732.389,8.364,6.639,3.050,63.591,5.272,20.869,1.857,12.062,8.900,2.176
Cliente_6,9011.907,6.123,21.194,14.391,95.504,3.333,22.788,1.123,28.656,4.930,1.473
Cliente_6,7960.452,5.996,15.337,8.010,90.228,3.225,31.606,2.839,27.976,8.983,1.915
Cliente_6,1697.744,5.122,8.076,1.228,65.139,6.739,15.535,2.826,9.666,18.192,6.575
Cliente_6,848.871,6.224,20.026,4.113,74.735,7.892,19.250,2.329,9.469,12.098,4.868
Cliente_6,5155.005,7.376,1.161,12.801,55.430,5.692,37.758,5.367,9.739,14.215,0.091
Cliente_6,6329.776,9.249,22.778,7.119,84.751,6.641,38.257,6.610,12.762,17.278,3.200
Cliente_6,3352.547,5.364,23.331,12.121,59.308,3.471,12.569,1.954,17.085,15.546,1.925
Cliente_7,3804.430,6.103,19.045,3.569,99.992,2.136,42.772,6.040,46.813,14.122,5.336
Cliente_7,59.955,6.097,1.782,5.239,41.496,7.025,48.589,6.277,5.907,12.918,0.340
Cliente_7,3518.236,7.179,12.427,11.538,68.513,6.076,14.324,0.421,11.277,2.936,1.077
Cliente_7,7534.998,5.145,17.367,5.997,80.311,2.962,11.027,1.729,27.117,15.677,2.896
Cliente_7,8534.626,6.681,1.786,11.404,68.658,7.295,22.478,3.856,9.411,17.156,0.157
Cliente_7,9534.350,8.396,19.640,12.563,77.881,7.902,37.094,4.603,9.856,12.408,1.563
Cliente_7,4190.794,7.022,4.935,4.158,95.465,2.510,48.327,1.595,38.032,3.300,1.187
Cliente_7,7475.409,5.825,14.389,1.688,27.942,6.465,25.866,5.094,4.322,19.693,8.526
Cliente_7,5461.777,7.337,2.458,0.781,11.834,7.731,38.601,6.126,1.531,15.870,3.147
Cliente_7,6032.923,5.638,11.994,8.322,23.714,2.031,13.040,0.991,11.677,7.597,1.441
Cliente_8,4284.352,8.537,8.783,12.839,17.705,7.226,20.056,3.922,2.450,19.556,0.684
Cliente_8,3706.338,7.177,25.700,3.137,74.807,3.756,14.826,1.626,19.917,10.968,8.193
Cliente_8,5060.102,8.669,25.091,3.576,53.972,6.234,17.703,1.129,8.658,6.377,7.017
Cliente_8,3412.971,9.827,3.513,12.069,78.235,5.259,14.782,0.430,14.875,2.910,0.291
Cliente_8,8495.907,6.350,26.567,5.435,72.155,5.778,31.435,1.474,12.487,4.688,4.888
Cliente_8,8223.487,9.041,8.072,13.265,68.131,4.830,40.488,2.155,14.107,5.322,0.609
Cliente_8,1056.283,7.691,14.477,10.667,54.174,7.713,17.406,0.767,7.023,4.409,1.357
Cliente_8,9607.915,7.417,18.700,4.506,81.364,3.977,18.655,0.237,20.458,1.269,4.150
Cliente_8,6356.215,7.178,11.991,0.647,18.375,7.326,29.368,3.274,2.508,11.149,18.527
Cliente_8,8287.244,8.655,1.832,14.247,29.944,3.438,38.983,2.422,8.709,6.212,0.129
Cliente_9,9742.975,5.922,17.322,6.919,69.439,7.327,35.905,5.057,9.477,14.085,2.503
Cliente_9,5534.036,5.257,9.811,12.972,24.135,5.086,46.336,6.624,4.745,14.295,0.756
Cliente_9,6974.477,9.705,29.824,14.855,25.643,7.186,43.065,8.144,3.568,18.911,2.008
Cliente_9,1263.669,7.389,4.435,4.928,16.756,9.315,12.856,1.351,1.799,10.509,0.900
Cliente_9,8684.744,9.111,23.169,9.505,10.241,8.090,16.637,1.727,1.266,10.382,2.438
Cliente_9,4909.296,7.004,18.583,9.340,50.545,6.626,22.304,0.564,7.629,2.528,1.990
Cliente_9,8727.325,5.370,23.931,11.231,63.443,6.951,39.958,0.702,9.128,1.757,2.131
Cliente_9,5741.068,8.147,7.545,14.240,36.213,9.403,32.768,3.017,3.851,9.209,0.530
Cliente_9,4694.500,5.268,16.155,3.513,30.833,4.826,21.544,1.535,6.389,7.124,4.599
Cliente_9,4405.248,5.746,14.065,3.560,73.626,5.901,14.974,0.862,12.477,5.757,3.951
Cliente_10,914.178,7.353,20.434,5.187,78.080,6.480,43.286,8.015,12.050,18.515,3.939
Cliente_10,9619.149,8.258,25.874,14.568,66.287,3.154,29.935,3.190,21.019,10.657,1.776
Cliente_10,8359.750,9.580,10.564,6.361,78.399,2.425,38.664,6.846,32.324,17.707,1.661
Cliente_10,5752.416,5.907,21.117,7.962,28.320,5.958,30.355,5.287,4.754,17.417,2.652
Cliente_10,9507.912,7.927,9.358,14.828,59.430,5.970,20.937,1.308,9.954,6.249,0.631
Cliente_10,9995.725,8.174,28.411,10.036,93.491,1.839,43.389,6.947,50.841,16.010,2.831
Cliente_10,6723.144,7.459,24.593,8.368,49.430,9.930,49.210,4.372,4.978,8.884,2.939
Cliente_10,2695.841,5.456,16.953,6.492,72.843,9.216,19.749,3.703,7.904,18.751,2.611
Cliente_10,403.276,6.740,14.190,3.220,20.928,5.153,32.051,3.412,4.061,10.647,4.407
Cliente_10,7562.932,6.667,10.121,5.746,97.583,2.057,25.343,4.205,47.435,16.590,1.761
Cliente_11,2829.107,7.277,24.531,13.176,40.471,8.851,44.903,5.277,4.572,11.753,1.862
Cliente_11,2986.260,6.609,12.196,6.884,72.343,1.323,27.747,4.456,54.678,16.058,1.772
Cliente_11,5869.790,5.943,20.247,8.126,68.485,1.616,37.760,1.597,42.385,4.230,2.492
Cliente_11,9989.024,8.487,24.802,7.125,86.659,6.680,46.137,1.154,12.972,2.500,3.481
Cliente_11,4896.914,7.859,29.444,10.975,86.711,9.288,11.840,2.077,9.335,17.546,2.683
Cliente_11,1486.806,6.168,15.365,6.445,87.341,9.977,41.846,5.346,8.754,12.774,2.384
Cliente_11,5386.267,8.878,2.074,9.994,44.201,7.721,21.735,1.212,5.725,5.576,0.207
Cliente_11,3451.894,5.218,15.566,2.738,38.500,4.906,24.994,4.585,7.848,18.344,5.685
Cliente_11,5519.622,8.724,18.115,7.308,74.685,1.886,15.823,0.588,39.600,3.719,2.479
Cliente_11,5434.757,8.526,26.221,14.553,78.346,6.704,31.247,3.050,11.687,9.762,1.802
Cliente_12,2540.519,8.195,29.788,7.703,69.326,3.656,42.988,6.345,18.962,14.760,3.867
Cliente_12,2554.012,7.122,9.562,13.610,85.450,7.727,29.274,5.743,11.058,19.619,0.703
Cliente_12,94.965,6.250,29.360,4.650,66.542,2.581,42.260,8.189,25.784,19.378,6.314
Cliente_12,8046.526,9.227,20.089,12.083,91.306,2.189,39.862,6.492,41.703,16.287,1.662
Cliente_12,9012.193,5.996,8.960,9.302,68.171,5.855,23.549,1.872,11.644,7.950,0.963
Cliente_12,6776.431,6.923,17.412,5.609,37.804,9.743,14.607,2.340,3.880,16.023,3.104
Cliente_12,1580.598,7.416,20.888,9.731,49.674,5.778,48.516,0.613,8.598,1.264,2.147
Cliente_12,4417.856,6.186,22.595,9.503,62.162,9.221,15.630,1.750,6.741,11.195,2.378
Cliente_12,3456.311,7.860,2.422,10.328,75.912,8.474,48.660,4.691,8.958,9.641,0.235
Cliente_12,5876.129,7.874,18.586,10.953,18.112,3.313,44.406,6.121,5.467,13.784,1.697
Cliente_13,6723.736,6.107,3.819,6.516,18.942,6.965,18.286,1.054,2.720,5.762,0.586
Cliente_13,5846.016,5.316,26.731,1.936,71.711,6.775,18.638,0.804,10.584,4.315,13.808
Cliente_13,8224.351,9.119,4.934,7.596,59.002,6.374,44.788,6.073,9.256,13.560,0.650
Cliente_13,9402.979,9.547,14.156,6.418,98.006,1.192,23.142,0.345,82.205,1.490,2.206
Cliente_13,1084.353,6.511,20.444,14.297,42.281,8.081,15.902,0.204,5.232,1.282,1.430
Cliente_13,2338.985,7.041,22.551,0.974,45.833,3.192,46.021,7.368,14.358,16.010,23.144
Cliente_13,251.221,5.699,28.433,5.873,27.083,2.133,10.113,0.558,12.695,5.521,4.842
Cliente_13,8842.464,9.731,13.155,6.929,20.994,6.081,44.336,3.171,3.452,7.152,1.898
Cliente_13,5614.512,6.522,22.526,14.283,86.323,1.617,15.788,0.681,53.368,4.311,1.577
Cliente_13,9152.644,7.463,5.481,12.904,50.925,7.886,15.200,0.303,6.457,1.996,0.425
Cliente_14,7417.439,8.916,27.381,8.193,50.640,9.307,23.186,2.778,5.441,11.980,3.342
Cliente_14,5261.329,9.335,3.131,7.079,30.564,1.604,14.889,0.751,19.053,5.042,0.442
Cliente_14,7456.907,7.607,3.343,9.279,40.504,8.486,24.144,3.254,4.773,13.478,0.360
Cliente_14,4762.983,7.290,18.641,1.938,50.815,1.839,36.614,1.926,27.631,5.261,9.618
Cliente_14,7780.392,9.820,2.905,10.676,47.439,1.869,40.011,1.223,25.381,3.056,0.272
Cliente_14,5132.866,5.304,8.975,12.865,18.558,7.649,44.724,7.631,2.426,17.062,0.698
Cliente_14,1091.431,7.395,19.359,9.938,48.409,8.306,38.842,3.101,5.828,7.984,1.948
Cliente_14,5038.883,7.008,16.902,11.650,69.860,6.007,48.736,7.549,11.629,15.490,1.451
Cliente_14,9454.211,8.430,10.430,10.952,43.687,6.278,34.016,4.051,6.959,11.908,0.952
Cliente_14,434.607,7.451,29.844,3.618,23.738,6.054,24.066,3.932,3.921,16.337,8.249
Cliente_15,8451.706,8.513,22.637,2.782,48.692,2.901,43.334,6.275,16.784,14.480,8.136
Cliente_15,9745.491,6.545,7.239,9.459,35.492,2.235,42.248,3.775,15.879,8.936,0.765
Cliente_15,8184.450,6.699,13.175,10.273,71.064,3.300,12.883,0.411,21.537,3.188,1.283
Cliente_15,6136.119,5.031,10.886,4.445,53.797,3.953,44.471,0.621,13.609,1.396,2.449
Cliente_15,6427.349,9.349,11.732,10.098,70.042,1.070,11.692,0.838,65.486,7.171,1.162
Cliente_15,263.512,7.832,21.926,7.542,14.088,7.723,10.750,1.744,1.824,16.225,2.907
Cliente_15,9290.914,7.004,23.528,6.910,45.574,2.581,46.846,5.970,17.656,12.744,3.405
Cliente_15,8294.778,5.709,17.460,4.461,63.939,4.422,44.484,7.477,14.460,16.808,3.914
Cliente_15,2675.210,8.166,3.464,11.447,10.692,7.333,33.030,6.103,1.458,18.476,0.303
Cliente_15,1804.980,5.153,2.526,2.150,37.128,5.502,32.936,0.881,6.748,2.674,1.175
Cliente_16,8444.999,5.570,18.470,8.685,15.055,5.564,16.034,1.499,2.706,9.349,2.127
Cliente_16,2433.921,7.550,23.046,9.712,55.660,5.164,12.475,1.364,10.778,10.932,2.373
Cliente_16,5889.124,9.530,20.010,9.556,37.937,5.989,14.140,0.568,6.335,4.016,2.094
Cliente_16,5240.101,6.747,6.137,13.032,50.672,8.126,45.965,3.716,6.236,8.084,0.471
Cliente_16,3958.271,8.637,23.413,9.595,15.120,9.063,23.738,1.513,1.668,6.375,2.440
Cliente_16,3103.435,9.095,15.329,2.689,84.853,5.048,38.573,3.382,16.810,8.767,5.701
Cliente_16,3395.793,9.075,22.879,1.490,16.906,8.288,30.182,2.242,2.040,7.429,15.353
Cliente_16,3331.353,6.181,23.036,6.912,87.783,6.867,16.902,2.089,12.784,12.360,3.333
Cliente_16,1682.159,5.732,14.018,4.891,86.976,3.894,19.910,3.185,22.337,15.995,2.866
Cliente_16,5105.322,5.986,27.800,4.483,65.351,5.281,27.510,3.659,12.375,13.299,6.202
Cliente_17,660.053,5.707,24.582,3.114,85.161,8.281,31.360,2.589,10.283,8.256,7.895
Cliente_17,945.965,6.749,20.433,3.606,89.531,2.490,22.379,2.467,35.959,11.022,5.667
Cliente_17,6784.115,9.838,25.040,14.241,13.397,4.939,42.345,8.198,2.713,19.359,1.758
Cliente_17,2842.186,8.492,22.424,7.551,40.309,4.698,28.761,4.752,8.580,16.521,2.970
Cliente_17,7237.613,6.960,20.877,3.785,78.968,7.087,43.405,7.042,11.142,16.224,5.516
Cliente_17,6565.984,7.975,16.265,2.495,21.794,3.138,24.714,0.897,6.946,3.630,6.520
Cliente_17,9063.521,9.690,19.735,1.619,43.905,4.998,47.885,2.753,8.785,5.750,12.190
Cliente_17,8732.923,6.548,13.279,12.744,24.602,3.564,49.378,6.509,6.902,13.182,1.042
Cliente_17,3334.287,6.883,11.493,1.967,84.821,7.737,28.467,5.013,10.963,17.608,5.844
Cliente_17,5827.812,8.958,11.515,11.678,79.399,5.040,21.271,2.454,15.753,11.536,0.986
Cliente_18,1026.795,6.110,27.994,7.005,37.104,3.177,31.042,4.961,11.677,15.982,3.996
Cliente_18,8459.077,7.256,25.336,0.576,14.297,2.292,30.293,2.288,6.237,7.551,43.975
Cliente_18,8511.809,6.748,19.849,1.649,47.784,4.863,49.533,7.393,9.826,14.926,12.039
Cliente_18,2851.345,5.133,23.950,4.211,81.451,6.533,32.166,4.161,12.467,12.937,5.688
Cliente_18,7631.405,5.266,4.990,12.607,51.140,3.165,25.618,4.011,16.158,15.659,0.396
Cliente_18,2728.640,7.510,9.320,8.458,19.977,4.749,28.805,4.312,4.207,14.969,1.102
Cliente_18,9053.157,6.179,25.063,11.045,91.463,6.979,35.427,2.592,13.105,7.318,2.269
Cliente_18,1474.339,9.973,21.186,8.153,63.707,1.771,49.242,0.907,35.982,1.842,2.599
Cliente_18,4375.288,6.875,5.025,2.112,11.479,9.772,20.146,2.291,1.175,11.374,2.379
Cliente_18,9464.186,5.141,21.461,4.677,56.384,1.609,10.650,1.753,35.040,16.457,4.588
Cliente_19,1751.716,5.219,11.352,14.619,59.093,8.830,37.176,4.379,6.692,11.778,0.777
Cliente_19,7791.647,5.997,23.644,7.695,38.909,4.173,48.112,6.012,9.324,12.497,3.073
Cliente_19,4646.764,5.210,26.108,7.714,17.206,9.983,15.711,2.184,1.723,13.902,3.384
Cliente_19,6954.197,9.667,10.626,13.903,69.483,3.471,34.303,6.527,20.018,19.028,0.764
Cliente_19,6317.727,7.577,4.610,8.029,37.585,9.820,41.252,3.328,3.827,8.068,0.574
Cliente_19,8115.165,9.946,11.673,12.117,64.236,9.531,11.392,1.766,6.740,15.499,0.963
Cliente_19,631.942,7.715,26.795,11.043,48.350,1.675,12.689,1.511,28.860,11.905,2.427
Cliente_19,7762.128,6.267,22.556,1.644,72.079,6.738,41.141,4.550,10.698,11.060,13.716
Cliente_19,4577.338,8.766,26.944,9.236,41.639,4.270,24.653,2.111,9.752,8.563,2.917
Cliente_19,2935.132,5.956,12.213,12.424,13.812,8.210,25.314,3.377,1.682,13.342,0.983
Cliente_20,2496.867,6.428,25.520,12.009,59.648,9.751,27.305,4.916,6.117,18.004,2.125
Cliente_20,1135.373,9.582,10.268,7.877,65.075,6.781,46.428,7.927,9.597,17.073,1.304
Cliente_20,7357.013,7.456,11.075,2.260,17.759,5.050,12.217,0.704,3.517,5.762,4.901
Cliente_20,4990.941,5.613,2.883,3.414,37.836,7.121,14.966,1.956,5.313,13.066,0.844
Cliente_20,3870.487,9.264,16.723,2.514,99.964,4.101,16.121,1.848,24.378,11.466,6.653
Cliente_20,5617.165,7.260,26.849,11.960,74.698,8.902,16.586,0.560,8.392,3.378,2.245
Cliente_20,2618.505,9.493,25.689,0.881,57.313,8.022,22.906,1.547,7.144,6.754,29.156
Cliente_20,2603.637,7.226,21.642,8.533,79.225,6.758,38.373,4.273,11.723,11.136,2.536
Cliente_20,4463.285,5.439,27.892,5.849,84.101,2.638,23.841,2.515,31.884,10.549,4.769
Cliente_20,9963.655,8.410,19.493,12.153,16.638,9.696,47.636,2.003,1.716,4.204,1.604
Cliente_21,9416.128,8.207,15.005,5.032,34.072,6.199,48.667,4.471,5.496,9.188,2.982
Cliente_21,1542.788,7.884,24.336,10.916,32.313,3.814,18.606,3.306,8.471,17.767,2.229
Cliente_21,6587.670,8.256,20.865,11.146,18.713,7.868,24.116,3.575,2.378,14.823,1.872
Cliente_21,7206.607,8.835,9.626,12.981,36.119,5.484,12.022,1.865,6.586,15.513,0.741
Cliente_21,6051.784,7.083,3.116,14.643,44.573,5.633,29.796,2.370,7.914,7.953,0.213
Cliente_21,8425.458,8.195,2.737,2.396,65.384,5.489,45.294,3.900,11.912,8.611,1.142
Cliente_21,5636.617,7.490,13.749,5.873,32.344,3.777,36.170,4.281,8.564,11.835,2.341
Cliente_21,8252.537,8.136,15.043,8.644,87.878,1.209,28.823,1.354,72.711,4.698,1.740
Cliente_21,284.707,6.448,6.917,5.127,24.373,9.507,31.468,3.622,2.564,11.511,1.349
Cliente_21,455.573,9.783,18.593,7.264,39.469,5.549,43.887,1.052,7.113,2.397,2.560
Cliente_22,5043.051,9.695,18.582,8.219,71.924,6.661,16.057,1.152,10.797,7.176,2.261
Cliente_22,7644.277,8.775,15.950,10.777,12.398,6.578,37.620,5.110,1.885,13.582,1.480
Cliente_22,2797.927,5.995,10.511,4.847,52.713,8.571,26.415,2.901,6.151,10.984,2.169
Cliente_22,9890.918,7.546,18.779,12.328,97.036,2.330,40.999,2.854,41.647,6.961,1.523
Cliente_22,6804.306,7.500,5.713,5.841,80.461,7.127,46.821,2.009,11.290,4.290,0.978
Cliente_22,1188.991,5.227,29.728,10.270,79.855,1.284,44.913,8.233,62.186,18.330,2.895
Cliente_22,9750.853,5.685,22.440,14.709,61.987,9.534,39.433,2.959,6.502,7.504,1.526
Cliente_22,3939.643,6.665,9.678,8.964,74.926,1.989,12.491,0.966,37.669,7.731,1.080
Cliente_22,7949.177,7.369,10.755,12.053,62.517,1.170,15.523,2.432,53.413,15.668,0.892
Cliente_22,3391.514,7.285,25.020,11.017,25.346,3.823,18.294,2.689,6.629,14.698,2.271
Cliente_23,6433.448,6.036,29.425,7.447,57.794,4.662,32.965,2.816,12.396,8.543,3.951
Cliente_23,6933.440,8.525,24.733,3.430,67.415,9.415,31.406,3.270,7.160,10.412,7.211
Cliente_23,6101.156,6.585,28.684,8.309,14.724,8.906,38.925,7.316,1.653,18.796,3.452
Cliente_23,1923.449,6.744,24.334,14.029,47.197,5.297,47.467,9.152,8.910,19.280,1.735
Cliente_23,2465.945,9.669,9.423,10.594,74.562,2.795,46.529,8.652,26.676,18.595,0.889
Cliente_23,5581.308,8.977,9.341,2.490,19.049,9.675,17.003,3.002,1.969,17.658,3.751
Cliente_23,2249.446,6.367,21.710,9.427,79.369,3.891,45.290,0.533,20.401,1.176,2.303
Cliente_23,9729.133,5.609,11.045,9.009,10.466,6.813,17.032,2.008,1.536,11.791,1.226
Cliente_23,2976.848,8.383,13.829,4.016,59.532,9.171,46.785,1.422,6.491,3.039,3.444
Cliente_23,2890.752,6.898,8.437,10.213,93.619,1.805,49.887,9.816,51.862,19.677,0.826
Cliente_24,2846.332,7.295,24.983,11.429,46.487,2.202,19.899,2.110,21.110,10.604,2.186
Cliente_24,9891.006,6.286,15.943,14.334,55.227,2.379,40.190,4.775,23.218,11.881,1.112
Cliente_24,5433.462,5.931,3.515,4.878,90.561,7.730,44.925,1.728,11.716,3.847,0.721
Cliente_24,4939.630,8.683,20.408,10.982,73.320,6.452,13.275,0.960,11.365,7.234,1.858
Cliente_24,9385.666,8.954,6.359,0.666,37.988,4.743,27.870,3.034,8.010,10.886,9.550
Cliente_24,8510.746,7.839,5.078,9.978,20.567,5.943,38.151,1.224,3.461,3.209,0.509
Cliente_24,4680.740,8.786,10.384,10.545,92.452,5.237,13.124,0.643,17.652,4.903,0.985
Cliente_24,1928.921,5.877,8.193,1.401,36.553,5.838,32.567,3.934,6.262,12.080,5.849
Cliente_24,1127.355,9.281,8.563,2.214,65.316,6.977,12.470,0.340,9.362,2.728,3.867
Cliente_24,1625.780,9.485,7.830,4.949,29.722,2.966,31.906,3.413,10.022,10.697,1.582
Cliente_25,8087.112,8.729,12.857,5.947,30.042,3.481,14.036,0.291,8.631,2.072,2.162
Cliente_25,4534.870,7.892,23.300,10.400,10.313,9.437,11.343,1.199,1.093,10.574,2.240
Cliente_25,5132.965,5.226,23.209,10.096,12.046,7.525,33.911,2.203,1.601,6.496,2.299
Cliente_25,4568.528,6.723,29.372,8.320,36.853,2.016,38.131,6.292,18.284,16.500,3.530
Cliente_25,578.310,5.319,19.731,9.976,70.615,8.285,11.947,1.780,8.523,14.899,1.978
Cliente_25,4624.321,9.971,13.190,5.543,59.000,4.773,39.622,2.797,12.361,7.059,2.380
Cliente_25,8069.347,9.673,29.793,3.088,57.874,7.894,26.091,3.225,7.331,12.360,9.648
Cliente_25,7233.078,5.345,12.092,8.290,84.102,8.954,19.374,2.669,9.393,13.778,1.459
Cliente_25,3960.091,9.669,26.219,8.168,32.276,1.141,18.691,1.326,28.292,7.093,3.210
Cliente_25,8164.716,5.159,27.296,11.054,41.154,2.855,44.549,3.000,14.416,6.734,2.469
Cliente_26,1433.461,7.478,14.732,4.021,64.263,1.138,32.083,3.183,56.470,9.920,3.663
Cliente_26,6602.464,9.861,25.631,3.448,88.626,9.434,41.021,6.955,9.394,16.955,7.433
Cliente_26,2211.206,9.708,9.721,9.877,26.935,9.659,25.226,4.635,2.789,18.372,0.984
Cliente_26,3005.709,8.357,21.520,13.872,78.553,2.056,31.346,2.521,38.209,8.043,1.551
Cliente_26,610.515,8.929,24.368,12.783,75.187,9.996,24.370,2.160,7.522,8.865,1.906
Cliente_26,9485.254,6.594,27.527,1.841,60.297,5.310,20.462,2.392,11.355,11.688,14.955
Cliente_26,8797.259,7.082,17.309,11.006,53.145,3.183,30.513,1.588,16.695,5.204,1.573
Cliente_26,9115.865,5.746,29.066,3.262,88.253,6.440,29.891,1.128,13.705,3.773,8.910
Cliente_26,6260.305,6.882,17.161,4.393,39.967,2.841,13.944,0.830,14.070,5.955,3.907
Cliente_26,4272.579,8.772,4.889,10.268,96.132,9.236,49.253,9.240,10.408,18.760,0.476
Cliente_27,5791.850,9.108,16.722,3.856,10.595,9.188,26.241,2.153,1.153,8.206,4.337
Cliente_27,4176.363,9.833,19.612,10.754,59.648,1.963,32.600,3.749,30.384,11.501,1.824
Cliente_27,1524.962,8.208,2.703,0.633,11.067,1.867,49.609,1.025,5.928,2.066,4.274
Cliente_27,3299.323,7.453,1.981,7.833,57.648,2.340,19.034,0.225,24.635,1.180,0.253
Cliente_27,3799.018,5.841,25.554,5.911,34.727,2.727,37.362,1.590,12.733,4.256,4.323
Cliente_27,8333.794,8.975,28.410,9.459,97.973,5.738,43.915,4.610,17.074,10.497,3.004
Cliente_27,4993.516,5.846,20.378,10.168,11.543,8.337,36.149,3.342,1.385,9.244,2.004
Cliente_27,6546.425,8.602,23.166,9.440,83.184,3.406,44.329,7.050,24.423,15.903,2.454
Cliente_27,6848.781,7.442,12.959,7.506,70.663,4.572,40.383,4.746,15.455,11.751,1.726
Cliente_27,2574.010,9.584,25.434,7.574,82.555,4.357,13.740,2.377,18.946,17.301,3.358
Cliente_28,954.523,9.497,3.231,11.000,79.620,1.771,14.262,0.214,44.951,1.499,0.294
Cliente_28,5282.064,7.818,5.711,7.761,12.666,6.568,10.208,0.788,1.929,7.724,0.736
Cliente_28,426.475,5.165,7.974,14.628,34.599,8.182,22.331,0.618,4.228,2.768,0.545
Cliente_28,2114.959,9.644,25.205,1.279,99.333,7.418,24.397,3.016,13.391,12.363,19.713
Cliente_28,8681.301,6.572,12.286,6.838,54.154,1.738,20.791,1.489,31.153,7.164,1.797
Cliente_28,8875.656,9.807,26.999,12.661,42.023,2.388,15.300,1.273,17.598,8.320,2.133
Cliente_28,4755.527,7.935,10.620,5.439,94.703,7.405,17.496,1.145,12.789,6.545,1.953
Cliente_28,466.573,8.761,22.913,11.651,48.866,6.705,27.954,2.339,7.288,8.368,1.967
Cliente_28,744.406,8.564,5.059,14.345,71.173,7.657,32.190,0.840,9.295,2.609,0.353
Cliente_28,9255.923,6.991,29.666,6.252,69.460,3.850,26.322,4.770,18.041,18.122,4.745
Cliente_29,9052.171,7.106,28.516,5.150,31.818,9.577,35.333,6.532,3.322,18.487,5.537
Cliente_29,9781.752,7.421,10.634,14.236,43.845,5.155,19.681,2.783,8.506,14.142,0.747
Cliente_29,5720.032,5.385,18.986,3.412,83.485,7.375,36.347,4.118,11.319,11.329,5.564
Cliente_29,1696.660,6.258,24.318,5.056,45.364,4.946,38.609,6.187,9.172,16.024,4.810
Cliente_29,3807.940,6.233,10.557,14.486,20.250,3.622,41.563,3.255,5.591,7.831,0.729
Cliente_29,1389.262,8.125,10.707,14.547,60.747,7.236,12.959,2.334,8.396,18.015,0.736
Cliente_29,3012.012,7.969,24.649,4.726,63.300,8.371,49.628,5.559,7.562,11.201,5.216
Cliente_29,4931.746,5.978,25.926,10.577,59.107,8.161,29.169,3.829,7.243,13.125,2.451
Cliente_29,633.608,5.535,29.253,7.620,71.354,4.682,26.032,0.681,15.239,2.615,3.839
Cliente_29,4347.328,6.523,4.948,8.850,59.509,5.494,30.265,4.724,10.832,15.610,0.559
Cliente_30,6576.359,5.053,15.514,7.102,86.426,3.087,38.189,2.286,28.000,5.985,2.184
Cliente_30,3550.733,6.294,11.004,3.500,68.317,4.645,18.231,3.170,14.706,17.390,3.144
Cliente_30,6470.351,7.553,1.712,7.502,70.943,2.660,40.093,4.421,26.669,11.027,0.228
Cliente_30,443.923,7.594,4.032,7.404,24.792,6.764,42.349,5.566,3.665,13.143,0.545
Cliente_30,9836.098,7.903,13.063,6.853,98.551,4.889,12.503,1.543,20.157,12.342,1.906
Cliente_30,6775.041,7.876,28.890,10.603,31.952,1.263,14.070,1.775,25.304,12.615,2.725
Cliente_30,3996.778,7.229,4.366,5.124,25.701,6.527,44.879,5.454,3.938,12.153,0.852
Cliente_30,7527.075,6.956,28.280,4.854,24.412,2.776,17.478,1.330,8.794,7.611,5.826
Cliente_30,9657.202,8.862,5.109,12.248,60.386,6.330,23.039,3.932,9.540,17.065,0.417
Cliente_30,4305.125,7.943,10.045,2.169,96.262,4.500,28.302,3.603,21.394,12.730,4.632
Cliente_31,8137.569,7.554,15.200,7.829,34.737,8.410,21.908,2.666,4.131,12.171,1.941
Cliente_31,7060.178,7.091,5.069,7.677,58.385,4.302,49.973,3.829,13.572,7.662,0.660
Cliente_31,2975.151,5.689,10.123,10.428,25.139,8.403,27.989,4.060,2.991,14.504,0.971
Cliente_31,6145.231,6.919,14.079,6.527,51.159,1.374,23.943,3.118,37.220,13.023,2.157
Cliente_31,848.435,5.929,2.555,12.678,76.827,7.471,42.669,1.772,10.284,4.154,0.202
Cliente_31,1340.344,8.178,11.412,7.586,78.933,5.917,27.563,1.005,13.340,3.645,1.504
Cliente_31,1179.499,8.467,1.278,1.699,59.475,9.908,49.758,2.451,6.003,4.926,0.752
Cliente_31,3054.495,8.226,4.960,0.947,20.189,1.922,41.025,2.023,10.506,4.932,5.234
Cliente_31,1831.262,9.999,24.641,11.535,20.279,8.471,19.478,0.414,2.394,2.128,2.136
Cliente_31,6934.672,7.775,28.951,4.735,79.760,7.762,42.428,3.252,10.276,7.665,6.114
Cliente_32,2811.569,9.814,23.083,7.976,51.260,4.040,14.969,2.803,12.689,18.722,2.894
Cliente_32,5388.147,8.928,20.611,4.534,69.773,6.201,44.306,2.750,11.251,6.206,4.546
Cliente_32,3237.213,9.594,15.194,14.077,42.240,6.095,27.651,3.716,6.930,13.437,1.079
Cliente_32,7040.834,9.962,17.745,5.852,15.700,5.368,10.027,0.577,2.925,5.757,3.033
Cliente_32,2894.043,9.335,8.793,14.279,58.098,4.094,48.321,3.897,14.192,8.065,0.616
Cliente_32,2674.163,5.634,13.013,5.246,29.605,7.143,18.093,3.288,4.145,18.172,2.481
Cliente_32,8580.310,9.330,14.108,0.536,48.668,1.436,37.544,1.556,33.899,4.145,26.327
Cliente_32,9854.898,6.248,19.375,11.725,29.067,1.896,15.277,1.303,15.329,8.530,1.652
Cliente_32,6793.314,8.557,26.524,11.124,34.168,8.055,36.000,2.450,4.242,6.805,2.384
Cliente_32,953.156,9.142,3.700,11.099,84.551,5.136,16.359,2.338,16.462,14.289,0.333
Cliente_33,2342.204,9.086,4.977,10.975,44.563,7.214,48.187,8.363,6.177,17.355,0.453
Cliente_33,6555.197,9.941,23.430,9.607,96.692,8.631,29.796,3.516,11.203,11.799,2.439
Cliente_33,7037.277,7.112,22.842,2.695,38.305,6.926,14.510,1.152,5.531,7.943,8.476
Cliente_33,11.862,5.661,4.861,6.470,22.585,3.715,29.983,4.190,6.080,13.976,0.751
Cliente_33,4768.590,5.354,29.795,10.455,34.927,5.660,33.757,5.230,6.171,15.492,2.850
Cliente_33,1327.865,6.915,5.143,12.969,17.582,5.586,31.131,5.957,3.148,19.135,0.397
Cliente_33,2262.682,8.654,16.385,1.757,59.806,7.731,49.108,7.679,7.736,15.637,9.326
Cliente_33,6800.147,5.512,1.246,1.957,64.001,3.660,49.475,0.652,17.487,1.317,0.637
Cliente_33,93.860,6.567,19.851,11.410,64.683,1.491,47.357,1.081,43.379,2.283,1.740
Cliente_33,6956.275,9.405,13.763,9.049,80.107,9.081,15.279,0.914,8.821,5.982,1.521
Cliente_34,399.229,8.080,20.751,4.985,74.869,1.575,14.116,0.544,47.540,3.852,4.163
Cliente_34,605.628,6.387,2.917,11.255,25.027,7.411,32.956,6.160,3.377,18.692,0.259
Cliente_34,7893.111,6.550,21.262,11.240,21.424,6.190,38.911,6.729,3.461,17.292,1.892
Cliente_34,5066.599,7.557,22.169,2.232,80.301,1.694,19.136,2.202,47.414,11.504,9.933
Cliente_34,6286.078,6.016,25.548,10.765,34.189,5.097,30.353,5.574,6.708,18.365,2.373
Cliente_34,5010.989,9.040,2.679,10.672,89.777,4.241,11.762,1.773,21.168,15.073,0.251
Cliente_34,4154.905,7.682,3.500,2.876,79.429,5.496,44.517,3.992,14.451,8.968,1.217
Cliente_34,7018.405,6.954,13.600,14.319,12.642,6.102,19.782,1.407,2.072,7.114,0.950
Cliente_34,825.196,8.171,14.148,8.084,82.640,4.309,28.871,2.572,19.178,8.909,1.750
Cliente_34,5366.112,9.173,18.656,11.853,34.478,3.296,25.319,3.718,10.460,14.685,1.574
Cliente_35,2713.308,7.325,14.454,3.878,57.683,7.308,48.569,2.356,7.894,4.852,3.727
Cliente_35,779.793,6.412,18.159,5.523,31.435,4.352,19.471,3.080,7.222,15.819,3.288
Cliente_35,3728.709,9.224,15.307,12.674,54.283,9.771,20.440,2.475,5.555,12.109,1.208
Cliente_35,5020.907,6.637,23.406,13.219,15.391,1.764,22.600,0.893,8.724,3.953,1.771
Cliente_35,9019.508,7.765,6.667,14.289,99.726,1.860,42.033,1.733,53.611,4.123,0.467
Cliente_35,1794.264,5.040,27.113,0.521,74.049,2.202,38.029,3.748,33.634,9.855,52.020
Cliente_35,8043.576,6.003,23.054,10.031,18.372,8.380,39.414,3.438,2.192,8.724,2.298
Cliente_35,9814.157,7.819,8.109,12.811,92.915,1.673,22.722,2.541,55.522,11.183,0.633
Cliente_35,9540.840,6.520,1.185,11.045,90.756,6.110,20.878,4.035,14.853,19.328,0.107
Cliente_35,690.195,8.114,12.891,2.007,56.778,4.915,12.987,0.642,11.552,4.945,6.422
Cliente_36,3083.769,5.456,22.694,5.897,21.591,1.265,21.804,3.541,17.064,16.241,3.848
Cliente_36,2650.814,6.241,8.246,9.639,91.457,7.149,26.480,4.264,12.793,16.102,0.855
Cliente_36,1200.016,6.779,14.399,9.848,84.642,2.555,32.028,6.341,33.125,19.799,1.462
Cliente_36,1576.996,7.567,24.313,8.944,39.839,2.932,12.439,1.972,13.586,15.856,2.718
Cliente_36,6860.862,8.386,5.054,4.253,13.843,2.684,21.191,1.658,5.157,7.823,1.188
Cliente_36,8264.040,6.301,1.347,12.285,51.490,3.519,15.489,1.757,14.633,11.346,0.110
Cliente_36,6969.083,9.953,25.081,0.816,25.119,8.951,17.978,1.835,2.806,10.209,30.732
Cliente_36,404.258,5.155,29.494,1.435,61.650,1.312,45.386,8.324,46.995,18.341,20.556
Cliente_36,8359.412,7.022,4.791,13.586,83.952,6.573,31.033,3.273,12.773,10.545,0.353
Cliente_36,3278.609,7.261,24.887,6.930,45.550,3.212,35.230,2.952,14.181,8.379,3.591
Cliente_37,1798.979,9.870,24.124,10.658,18.123,8.599,47.677,2.055,2.108,4.310,2.263
Cliente_37,3189.457,5.501,11.289,14.240,30.936,3.912,25.824,5.011,7.907,19.406,0.793
Cliente_37,2190.983,8.284,25.337,8.672,29.693,1.197,14.041,1.991,24.802,14.178,2.922
Cliente_37,8957.752,6.333,25.511,8.665,57.380,6.279,22.071,4.116,9.138,18.648,2.944
Cliente_37,7785.604,9.081,6.107,3.229,10.062,9.255,15.458,2.466,1.087,15.953,1.891
Cliente_37,586.854,9.586,18.183,14.826,92.611,7.969,16.300,0.854,11.621,5.242,1.226
Cliente_37,9915.322,5.280,24.380,13.284,28.132,8.618,47.948,5.845,3.264,12.190,1.835
Cliente_37,5294.793,9.982,21.231,7.637,21.744,8.746,41.674,1.805,2.486,4.332,2.780
Cliente_37,7668.655,6.097,27.505,4.981,74.524,9.645,48.426,3.307,7.727,6.830,5.522
Cliente_37,9996.058,9.233,1.818,7.611,92.690,4.362,35.967,5.065,21.248,14.081,0.239
Cliente_38,1274.356,9.838,3.573,0.519,87.765,2.531,47.698,2.881,34.677,6.040,6.890
Cliente_38,7288.581,6.104,21.560,6.096,68.587,4.379,16.600,1.054,15.662,6.349,3.537
Cliente_38,9487.932,7.828,19.534,11.122,71.844,7.588,45.590,2.514,9.468,5.513,1.756
Cliente_38,9487.033,9.683,26.713,14.552,24.639,5.923,16.284,0.316,4.160,1.943,1.836
Cliente_38,3916.623,5.703,13.952,13.326,16.634,9.083,14.050,1.667,1.831,11.864,1.047
Cliente_38,9942.837,8.727,8.691,7.650,86.119,1.838,18.222,3.090,46.856,16.957,1.136
Cliente_38,9651.874,6.190,8.237,5.991,36.542,6.346,17.599,0.690,5.758,3.918,1.375
Cliente_38,324.795,9.912,2.966,8.417,38.685,6.523,37.888,2.976,5.931,7.856,0.352
Cliente_38,6024.284,5.839,8.443,1.971,95.650,5.345,38.882,3.548,17.896,9.125,4.284
Cliente_38,9210.461,9.427,4.133,7.453,16.678,1.279,39.199,2.586,13.041,6.596,0.555
Cliente_39,6620.540,7.445,7.561,8.527,91.250,9.859,20.315,3.239,9.255,15.944,0.887
Cliente_39,6002.555,8.305,8.788,12.692,74.288,9.749,46.432,5.961,7.620,12.838,0.692
Cliente_39,1997.548,5.456,2.788,12.367,55.189,8.276,46.567,5.089,6.668,10.929,0.225
Cliente_39,258.331,7.721,22.815,6.570,91.041,2.136,12.680,1.138,42.629,8.972,3.472
Cliente_39,1709.151,5.924,20.357,8.265,82.041,4.810,25.524,2.265,17.055,8.874,2.463
Cliente_39,2918.823,9.427,3.486,13.070,70.978,9.895,25.894,0.988,7.173,3.816,0.267
Cliente_39,820.279,6.847,10.970,7.385,65.825,4.919,23.045,2.805,13.383,12.171,1.485
Cliente_39,8437.847,7.229,16.702,13.284,20.825,9.975,21.048,3.243,2.088,15.409,1.257
Cliente_39,3084.226,6.316,29.150,7.406,78.147,6.645,28.326,5.340,11.760,18.853,3.936
Cliente_39,3975.276,7.325,18.102,1.645,25.559,8.507,44.939,8.347,3.004,18.574,11.005
Cliente_40,5627.275,6.377,27.014,14.626,78.354,1.261,30.205,1.240,62.160,4.107,1.847
Cliente_40,1010.803,5.719,1.587,6.925,88.047,2.735,35.416,6.373,32.194,17.995,0.229
Cliente_40,2861.642,8.043,24.704,12.474,83.892,8.496,14.955,2.278,9.874,15.230,1.980
Cliente_40,5356.799,8.468,9.789,4.407,56.374,8.533,11.223,1.581,6.607,14.088,2.221
Cliente_40,3439.348,5.194,9.130,6.543,24.308,3.245,24.899,1.598,7.490,6.416,1.395
Cliente_40,4109.489,9.448,15.257,9.861,38.001,5.108,33.762,2.817,7.439,8.345,1.547
Cliente_40,3831.052,6.657,21.189,3.225,55.612,9.262,17.103,0.700,6.004,4.095,6.570
Cliente_40,4856.362,6.188,3.848,3.565,22.208,7.342,44.819,5.321,3.025,11.873,1.079
Cliente_40,6090.013,8.729,26.198,12.448,86.617,3.466,33.475,6.472,24.992,19.333,2.105
Cliente_40,375.619,9.604,4.897,11.244,89.140,8.412,23.990,4.147,10.597,17.285,0.436
Cliente_41,6474.152,8.006,8.308,9.886,90.314,7.492,39.062,1.735,12.055,4.442,0.840
Cliente_41,6777.275,5.042,14.534,9.331,36.891,6.899,18.895,0.539,5.348,2.854,1.558
Cliente_41,2691.567,6.262,20.639,4.828,23.494,9.977,31.385,1.077,2.355,3.431,4.275
Cliente_41,4095.662,9.025,24.905,2.068,78.893,3.335,41.396,2.448,23.657,5.914,12.046
Cliente_41,201.504,6.527,12.517,1.426,90.972,4.767,46.261,7.568,19.083,16.359,8.780
Cliente_41,7803.256,9.835,3.967,14.831,82.489,4.494,36.875,5.714,18.353,15.495,0.267
Cliente_41,7675.960,8.214,15.834,9.789,82.213,1.318,30.293,1.357,62.383,4.478,1.618
Cliente_41,89.971,7.119,20.208,12.992,64.003,7.373,43.817,6.097,8.681,13.915,1.555
Cliente_41,9115.243,6.882,25.455,4.287,69.448,6.148,43.626,3.218,11.295,7.377,5.938
Cliente_41,6474.068,6.744,11.853,10.811,71.268,2.709,45.060,1.215,26.306,2.697,1.096
Cliente_42,3553.479,7.918,4.984,9.650,17.924,3.900,33.547,2.520,4.596,7.512,0.516
Cliente_42,7442.355,9.722,6.809,3.064,65.303,8.499,16.681,3.024,7.684,18.126,2.222
Cliente_42,3071.546,5.356,12.867,9.700,67.014,2.715,42.954,3.361,24.681,7.826,1.326
Cliente_42,7881.116,9.447,17.513,0.568,46.305,7.091,21.928,1.004,6.530,4.580,30.813
Cliente_42,3313.840,7.502,27.292,4.466,96.880,6.640,21.633,4.113,14.590,19.014,6.111
Cliente_42,2606.332,9.337,14.270,11.537,44.498,3.239,39.113,7.215,13.737,18.446,1.237
Cliente_42,2941.217,6.908,10.175,2.945,13.395,7.242,33.855,2.933,1.850,8.664,3.455
Cliente_42,8512.288,6.492,21.754,11.585,27.947,4.099,23.513,1.256,6.818,5.340,1.878
Cliente_42,4705.895,5.270,23.589,7.599,43.579,2.160,45.519,6.744,20.172,14.816,3.104
Cliente_42,8664.067,9.271,15.140,11.572,11.267,4.452,49.819,1.740,2.531,3.493,1.308
Cliente_43,7341.032,9.973,21.161,10.922,36.582,7.021,28.571,0.535,5.210,1.872,1.937
Cliente_43,5897.339,8.310,19.279,2.207,13.547,2.342,13.992,2.405,5.783,17.188,8.735
Cliente_43,1690.678,8.268,9.732,2.153,54.672,1.811,16.988,2.311,30.193,13.604,4.520
Cliente_43,3666.548,5.099,20.188,2.041,28.692,5.605,11.578,0.491,5.119,4.240,9.892
Cliente_43,6505.753,8.449,20.212,3.380,93.981,7.512,21.623,1.685,12.511,7.793,5.979
Cliente_43,374.597,7.084,8.829,3.396,39.754,1.912,42.064,3.919,20.796,9.317,2.600
Cliente_43,8765.565,6.901,18.563,4.313,10.246,3.303,22.508,2.884,3.102,12.814,4.304
Cliente_43,2558.636,7.736,4.978,8.086,70.447,3.080,39.542,6.995,22.869,17.691,0.616
Cliente_43,5347.800,7.372,25.089,3.424,91.619,9.898,13.800,0.382,9.256,2.766,7.327
Cliente_43,486.821,5.766,4.043,10.700,85.171,3.664,40.328,6.648,23.244,16.484,0.378
Cliente_44,1829.511,8.481,11.399,4.293,57.079,9.890,48.806,4.634,5.771,9.494,2.655
Cliente_44,4008.374,5.293,1.836,5.056,73.052,1.491,12.014,0.391,48.992,3.255,0.363
Cliente_44,9623.137,9.712,20.849,10.716,18.572,6.791,18.908,1.976,2.735,10.450,1.946
Cliente_44,2719.059,5.797,25.318,10.330,69.554,2.412,35.733,4.793,28.833,13.414,2.451
Cliente_44,3857.769,7.080,29.230,11.629,32.372,8.640,26.131,0.771,3.747,2.950,2.513
Cliente_44,8506.865,7.954,4.789,8.861,41.117,8.667,19.400,1.714,4.744,8.834,0.540
Cliente_44,7999.191,9.011,27.692,8.693,70.867,8.825,28.364,3.286,8.030,11.585,3.186
Cliente_44,6488.816,8.392,4.275,14.679,44.639,1.674,42.050,0.422,26.669,1.003,0.291
Cliente_44,7969.299,5.906,12.927,10.213,85.513,5.425,27.924,0.761,15.763,2.727,1.266
Cliente_44,1131.453,6.899,2.333,5.405,60.251,3.168,44.264,5.524,19.018,12.480,0.432
Cliente_45,6191.042,7.801,28.969,9.357,85.372,9.418,34.022,3.267,9.065,9.604,3.096
Cliente_45,3046.675,8.099,9.468,3.219,62.993,8.549,45.308,1.601,7.368,3.534,2.941
Cliente_45,5083.869,7.366,16.138,13.988,79.493,5.346,30.164,2.667,14.869,8.842,1.154
Cliente_45,2069.306,8.286,21.361,6.197,50.545,5.575,25.387,3.630,9.066,14.300,3.447
Cliente_45,6715.072,8.580,2.328,7.127,69.261,9.290,49.180,7.485,7.455,15.220,0.327
Cliente_45,9503.601,5.570,5.761,11.831,96.057,2.595,46.636,3.115,37.019,6.679,0.487
Cliente_45,3634.061,8.797,5.073,10.893,22.117,6.207,40.495,5.802,3.563,14.328,0.466
Cliente_45,543.698,6.109,21.789,2.063,54.895,7.574,20.944,3.634,7.247,17.353,10.564
Cliente_45,2229.958,6.707,21.925,6.510,57.733,2.155,48.544,7.051,26.785,14.526,3.368
Cliente_45,4545.145,9.149,4.102,13.936,14.371,4.487,48.820,9.166,3.203,18.775,0.294
Cliente_46,6326.200,8.472,9.292,4.656,76.554,4.488,43.199,1.888,17.058,4.371,1.996
Cliente_46,2009.690,6.612,25.572,4.133,87.836,9.610,46.459,6.491,9.140,13.971,6.187
Cliente_46,6242.052,5.577,24.441,12.671,76.817,9.782,38.185,1.738,7.853,4.553,1.929
Cliente_46,2906.504,6.761,16.159,10.514,60.514,3.814,35.905,1.545,15.867,4.302,1.537
Cliente_46,3453.591,7.402,1.733,4.780,31.384,5.969,40.204,4.327,5.258,10.763,0.363
Cliente_46,6724.065,7.853,5.214,11.427,80.588,1.117,31.865,2.602,72.167,8.167,0.456
Cliente_46,9813.374,8.336,20.437,0.968,81.894,3.262,34.135,3.121,25.105,9.142,21.103
Cliente_46,6501.214,7.087,6.797,12.303,35.887,6.585,41.046,4.751,5.450,11.575,0.552
Cliente_46,9583.306,8.739,22.755,1.986,69.804,8.028,48.572,1.686,8.695,3.471,11.458
Cliente_46,5039.430,9.207,5.667,13.087,93.384,8.831,21.767,2.633,10.574,12.096,0.433
Cliente_47,2550.906,7.453,16.574,12.443,38.884,5.010,12.619,1.676,7.761,13.285,1.332
Cliente_47,3306.297,7.863,3.666,14.726,92.434,1.395,36.813,6.941,66.277,18.855,0.249
Cliente_47,7097.183,6.790,7.415,0.628,95.049,9.085,40.943,6.220,10.463,15.191,11.813
Cliente_47,1548.902,8.920,7.187,10.200,44.729,2.733,44.598,1.749,16.369,3.921,0.705
Cliente_47,1537.880,6.589,10.625,6.962,58.621,5.625,26.968,2.623,10.421,9.725,1.526
Cliente_47,3226.978,6.100,11.463,13.615,35.455,9.534,14.157,1.034,3.719,7.303,0.842
Cliente_47,509.504,5.919,7.335,9.399,92.020,2.507,31.510,0.839,36.712,2.663,0.780
Cliente_47,9323.886,5.341,22.827,9.506,83.990,9.606,38.110,0.774,8.743,2.031,2.401
Cliente_47,6156.471,7.526,16.384,14.404,43.746,5.842,49.049,7.892,7.489,16.090,1.137
Cliente_47,6619.240,7.080,29.902,10.397,82.254,1.066,41.008,4.758,77.163,11.604,2.876
Cliente_48,5750.048,8.092,23.193,14.422,21.091,6.813,47.295,1.625,3.096,3.436,1.608
Cliente_48,2277.229,8.780,13.693,2.589,10.453,5.613,49.773,6.696,1.862,13.454,5.289
Cliente_48,2587.221,7.928,12.458,10.321,63.699,2.449,28.451,0.825,26.015,2.901,1.207
Cliente_48,3880.938,8.504,20.161,13.755,58.344,2.987,31.987,4.085,19.532,12.771,1.466
Cliente_48,6302.542,5.363,14.746,12.028,95.228,8.513,21.626,3.915,11.187,18.102,1.226
Cliente_48,4330.817,9.640,16.471,11.075,37.422,2.749,12.695,0.893,13.613,7.038,1.487
Cliente_48,169.893,5.531,4.955,5.910,77.347,2.632,13.928,1.332,29.385,9.562,0.838
Cliente_48,6733.314,8.934,12.339,14.267,91.319,8.197,39.024,4.960,11.141,12.711,0.865
Cliente_48,5348.809,6.507,24.127,8.526,40.947,8.670,29.488,2.007,4.723,6.808,2.830
Cliente_48,6414.586,5.433,16.826,8.549,47.139,8.662,23.234,2.811,5.442,12.099,1.968
Cliente_49,5655.955,5.672,25.903,8.937,30.098,8.259,29.340,2.912,3.644,9.924,2.898
Cliente_49,3645.570,8.665,5.060,6.374,79.493,6.526,24.352,2.347,12.180,9.638,0.794
Cliente_49,3164.015,9.389,16.620,9.056,75.990,2.493,18.753,0.353,30.487,1.882,1.835
Cliente_49,4283.646,7.314,8.634,13.641,36.190,5.627,29.506,5.792,6.431,19.631,0.633
Cliente_49,49.314,6.794,26.704,8.498,51.823,5.016,12.514,0.896,10.332,7.157,3.142
Cliente_49,2462.505,6.527,3.217,8.380,55.937,2.612,24.777,3.561,21.413,14.371,0.384
Cliente_49,2216.036,7.758,3.187,14.982,45.711,9.538,11.712,1.277,4.792,10.906,0.213
Cliente_49,7398.422,5.879,1.540,7.346,55.195,6.935,18.271,3.063,7.959,16.763,0.210
Cliente_49,4361.805,8.033,15.708,11.740,69.641,9.710,46.309,7.809,7.172,16.863,1.338
Cliente_49,8401.260,9.209,1.905,5.804,86.318,7.623,24.450,1.468,11.323,6.003,0.328
Cliente_50,5443.956,6.764,7.134,3.555,15.032,1.772,36.386,6.307,8.484,17.332,2.007
Cliente_50,1739.324,9.339,6.420,2.838,33.243,5.043,20.581,2.178,6.592,10.583,2.262
Cliente_50,6537.099,7.434,11.504,12.584,26.203,9.935,38.967,3.498,2.637,8.976,0.914
Cliente_50,3653.602,7.411,21.802,0.825,96.241,8.806,23.707,0.911,10.929,3.842,26.411
Cliente_50,6533.712,8.021,4.432,1.126,63.942,2.535,28.139,0.796,25.223,2.830,3.937
Cliente_50,8354.855,7.509,7.680,8.816,60.724,8.473,33.624,3.376,7.167,10.042,0.871
Cliente_50,5167.112,5.695,24.524,2.836,11.676,6.408,19.193,2.434,1.822,12.680,8.646
Cliente_50,3763.911,5.828,21.887,9.628,74.759,8.152,25.418,0.443,9.171,1.742,2.273
Cliente_50,9072.517,5.385,14.964,1.068,69.557,8.384,14.343,2.280,8.296,15.893,14.008
Cliente_50,5164.201,8.217,14.886,8.798,35.511,2.637,18.094,1.911,13.467,10.563,1.692
Cliente_51,1176.047,5.217,3.834,11.947,32.827,4.332,27.864,5.385,7.578,19.327,0.321
Cliente_51,4822.927,7.649,4.883,8.881,86.948,5.994,37.972,0.418,14.505,1.101,0.550
Cliente_51,1304.158,6.147,14.837,2.209,48.121,3.284,16.472,0.450,14.653,2.731,6.718
Cliente_51,6035.143,9.012,7.743,0.604,42.908,3.760,18.578,0.699,11.412,3.761,12.813
Cliente_51,8275.390,8.948,25.913,9.991,34.800,4.099,26.022,4.838,8.490,18.591,2.594
Cliente_51,8969.793,6.906,9.215,10.473,71.255,7.349,23.538,2.182,9.695,9.272,0.880
Cliente_51,7748.929,7.945,26.426,5.081,77.947,7.622,32.023,0.710,10.227,2.218,5.201
Cliente_51,6492.668,8.707,12.851,5.753,47.191,8.695,37.882,1.975,5.427,5.214,2.234
Cliente_51,5220.920,8.808,6.482,2.744,80.541,6.934,38.272,0.965,11.616,2.521,2.362
Cliente_51,3704.404,8.484,21.565,9.948,53.422,7.730,16.430,0.282,6.911,1.717,2.168
Cliente_52,3843.876,6.009,7.938,1.495,93.674,8.885,28.429,5.445,10.543,19.153,5.310
Cliente_52,9844.497,8.284,1.008,1.807,61.742,8.318,33.473,3.620,7.422,10.814,0.558
Cliente_52,6140.042,9.020,5.566,4.625,33.500,6.174,11.094,0.131,5.426,1.185,1.203
Cliente_52,5210.534,6.430,29.908,12.532,46.642,7.248,14.651,2.463,6.435,16.811,2.387
Cliente_52,7116.347,5.168,23.611,13.768,19.582,9.694,12.702,0.726,2.020,5.717,1.715
Cliente_52,5975.128,7.998,11.241,5.547,16.515,6.069,35.346,0.978,2.721,2.767,2.026
Cliente_52,9457.213,7.579,12.459,14.468,36.483,7.930,49.768,6.868,4.601,13.800,0.861
Cliente_52,8202.467,6.158,17.996,4.509,95.231,7.817,37.077,6.155,12.182,16.600,3.991
Cliente_52,6403.273,5.847,16.015,9.292,82.265,9.651,19.197,0.469,8.524,2.445,1.723
Cliente_52,4390.282,5.180,22.371,3.321,96.104,5.130,22.629,4.231,18.735,18.697,6.737
Cliente_53,4766.078,9.364,18.801,7.617,55.223,6.229,18.421,1.129,8.865,6.129,2.468
Cliente_53,3536.026,6.034,23.163,14.774,45.435,3.929,38.029,2.084,11.564,5.480,1.568
Cliente_53,8943.268,6.014,16.703,13.782,71.770,6.515,24.892,2.293,11.016,9.212,1.212
Cliente_53,2691.489,6.248,2.226,4.564,25.732,3.337,44.173,3.638,7.710,8.237,0.488
Cliente_53,9471.234,8.093,14.986,3.720,97.886,5.937,21.185,0.799,16.487,3.771,4.028
Cliente_53,6831.390,5.780,18.999,8.862,72.842,3.134,17.196,3.306,23.241,19.224,2.144
Cliente_53,9099.365,5.533,15.278,1.285,51.406,5.242,15.246,0.586,9.806,3.841,11.888
Cliente_53,4990.494,9.601,29.575,12.089,72.029,6.518,33.036,5.387,11.051,16.308,2.446
Cliente_53,1997.466,8.379,27.013,7.436,11.064,4.293,19.143,0.834,2.577,4.356,3.633
Cliente_53,7354.555,8.317,26.194,8.341,28.968,5.489,13.995,1.468,5.277,10.492,3.140
Cliente_54,9955.622,5.300,1.575,10.261,40.365,6.802,39.111,0.587,5.934,1.501,0.154
Cliente_54,8494.050,9.069,4.516,7.569,66.815,3.441,36.481,3.117,19.416,8.543,0.597
Cliente_54,5170.553,7.383,26.154,11.180,61.447,5.004,47.617,7.397,12.279,15.535,2.339
Cliente_54,7205.883,8.149,28.930,13.400,86.401,8.765,38.028,0.982,9.857,2.582,2.159
Cliente_54,7853.544,7.249,6.770,6.026,16.421,4.268,13.203,0.790,3.847,5.987,1.124
Cliente_54,3001.042,6.673,17.701,4.655,24.580,6.282,16.676,0.659,3.913,3.950,3.803
Cliente_54,5621.822,6.805,19.825,9.660,30.540,9.690,14.120,1.898,3.152,13.442,2.052
Cliente_54,5678.777,7.802,6.062,2.600,38.519,4.726,12.552,2.237,8.151,17.824,2.331
Cliente_54,3984.621,9.659,23.629,2.930,36.222,2.655,45.148,3.105,13.643,6.878,8.065
Cliente_54,6905.741,6.289,11.298,12.212,34.073,1.208,31.937,1.821,28.208,5.701,0.925
Cliente_55,2842.469,7.703,16.180,0.501,48.739,4.508,39.717,1.814,10.813,4.568,32.274
Cliente_55,6265.180,6.362,19.546,12.323,36.363,4.405,42.352,0.580,8.255,1.369,1.586
Cliente_55,1313.640,7.224,9.980,12.795,30.809,3.367,26.516,0.515,9.151,1.943,0.780
Cliente_55,8385.339,9.848,11.068,5.486,10.650,4.800,44.139,4.928,2.219,11.164,2.017
Cliente_55,286.684,8.488,16.650,7.303,43.628,3.156,17.296,0.784,13.824,4.533,2.280
Cliente_55,6635.828,5.885,24.337,0.621,47.056,7.881,21.584,0.635,5.971,2.943,39.215
Cliente_55,8603.828,7.988,13.814,13.870,60.450,9.190,35.476,2.169,6.578,6.115,0.996
Cliente_55,3252.688,8.155,11.608,14.231,45.528,8.268,34.709,5.064,5.506,14.589,0.816
Cliente_55,4762.071,8.179,8.534,7.417,24.694,7.162,20.885,3.094,3.448,14.815,1.151
Cliente_55,9749.840,7.820,9.804,0.632,76.341,3.562,34.910,1.893,21.431,5.423,15.502
Cliente_56,1507.686,9.758,23.276,7.356,27.885,8.102,34.746,6.828,3.442,19.652,3.164
Cliente_56,4936.302,5.280,8.220,10.381,89.877,1.080,47.234,7.549,83.191,15.983,0.792
Cliente_56,3419.787,8.878,23.366,5.026,87.729,1.378,49.879,7.670,63.667,15.377,4.649
Cliente_56,3116.455,5.357,13.846,5.184,29.601,8.051,35.005,5.708,3.677,16.305,2.671
Cliente_56,7994.824,7.351,22.391,9.623,20.164,5.277,12.391,1.157,3.821,9.336,2.327
Cliente_56,9979.636,5.961,1.972,1.112,66.962,6.366,35.783,1.670,10.519,4.666,1.774
Cliente_56,4637.381,9.208,14.364,14.093,39.206,4.343,38.053,5.364,9.028,14.096,1.019
Cliente_56,7914.456,9.086,23.359,8.053,25.062,1.805,41.659,3.252,13.883,7.805,2.900
Cliente_56,3303.156,9.141,16.113,4.173,34.849,2.419,15.033,0.535,14.405,3.560,3.861
Cliente_56,8435.619,5.610,29.481,9.759,20.768,1.823,19.307,3.490,11.395,18.075,3.021
Cliente_57,4853.536,9.572,6.380,7.714,88.614,4.297,32.321,6.124,20.621,18.947,0.827
Cliente_57,4375.563,7.773,1.543,8.496,28.187,6.454,47.530,9.150,4.368,19.251,0.182
Cliente_57,2947.851,5.344,25.848,9.389,53.683,1.638,26.638,0.758,32.776,2.845,2.753
Cliente_57,6970.681,5.775,23.504,5.178,18.888,9.372,24.763,3.660,2.015,14.778,4.540
Cliente_57,1898.569,6.478,7.925,9.793,61.391,2.879,38.337,4.256,21.326,11.102,0.809
Cliente_57,1867.081,6.317,21.909,2.102,85.267,5.423,42.946,1.975,15.724,4.600,10.424
Cliente_57,3477.299,6.836,20.090,8.086,69.213,9.008,20.633,2.269,7.684,10.998,2.484
Cliente_57,7324.292,5.004,16.630,1.467,57.324,1.720,11.626,0.666,33.335,5.726,11.337
Cliente_57,2753.969,8.190,12.237,12.610,73.118,8.209,12.816,1.651,8.907,12.881,0.970
Cliente_57,8313.665,6.895,16.198,2.382,33.034,1.546,22.156,0.975,21.364,4.399,6.801
Cliente_58,7492.194,7.008,23.161,6.989,87.015,4.201,38.943,4.653,20.713,11.949,3.314
Cliente_58,4152.431,6.688,13.487,6.258,11.953,2.246,41.716,1.039,5.323,2.491,2.155
Cliente_58,1056.036,5.791,22.050,11.032,83.975,4.304,16.916,0.349,19.512,2.063,1.999
Cliente_58,6386.604,9.992,18.644,14.753,72.075,6.239,43.028,6.733,11.552,15.647,1.264
Cliente_58,3580.276,7.215,17.331,9.139,34.836,3.097,37.584,2.860,11.249,7.611,1.896
Cliente_58,4587.747,6.762,7.204,8.005,59.830,8.300,33.049,5.462,7.209,16.526,0.900
Cliente_58,6652.758,6.576,23.206,14.904,60.069,1.827,46.306,4.128,32.876,8.914,1.557
Cliente_58,8828.357,9.957,27.858,4.877,93.333,4.598,33.809,5.913,20.298,17.489,5.713
Cliente_58,1668.926,6.623,8.369,4.855,23.924,9.261,22.016,3.858,2.583,17.526,1.724
Cliente_58,1804.785,6.859,28.888,3.717,13.396,7.608,39.232,2.082,1.761,5.308,7.771
Cliente_59,6528.139,6.104,4.833,8.610,93.172,6.546,14.495,0.208,14.234,1.432,0.561
Cliente_59,6023.414,5.253,3.394,7.574,18.064,9.911,12.182,0.606,1.822,4.971,0.448
Cliente_59,115.332,8.658,17.572,9.958,70.457,4.980,47.958,5.382,14.148,11.222,1.765
Cliente_59,7774.409,6.964,2.430,3.343,48.119,2.312,47.069,2.293,20.809,4.872,0.727
Cliente_59,3825.487,7.228,12.577,9.432,41.348,1.404,44.750,4.897,29.452,10.942,1.333
Cliente_59,3048.529,7.976,3.467,11.167,38.866,8.364,42.805,2.532,4.647,5.915,0.310
Cliente_59,412.781,7.524,15.553,4.071,63.449,2.797,10.549,1.074,22.683,10.178,3.821
Cliente_59,5399.757,6.110,23.441,1.539,12.179,4.364,37.752,5.613,2.790,14.869,15.233
Cliente_59,1496.651,6.449,4.781,11.763,37.434,7.820,14.451,0.533,4.787,3.686,0.406
Cliente_59,5024.514,6.972,4.911,5.189,98.889,8.675,28.002,3.998,11.399,14.276,0.946
Cliente_60,184.867,5.042,12.040,0.812,98.042,2.365,16.110,1.107,41.449,6.871,14.836
Cliente_60,5830.466,6.943,29.322,4.087,55.113,9.075,48.821,7.029,6.073,14.398,7.174
Cliente_60,6635.620,6.357,3.889,8.177,83.070,6.912,46.389,5.081,12.018,10.952,0.476
Cliente_60,435.777,9.260,10.148,5.337,66.321,1.790,23.171,0.827,37.048,3.570,1.902
Cliente_60,1704.026,8.301,26.136,6.204,89.081,4.440,31.689,6.312,20.064,19.918,4.213
Cliente_60,2840.851,9.321,16.415,2.777,90.136,9.645,18.270,3.570,9.345,19.540,5.912
Cliente_60,7892.096,5.095,6.406,5.528,83.337,6.512,15.543,0.584,12.797,3.758,1.159
Cliente_60,6180.030,9.337,15.519,5.603,12.652,6.630,31.654,5.928,1.908,18.728,2.770
Cliente_60,531.799,8.247,14.282,9.566,59.945,3.047,42.004,7.739,19.674,18.425,1.493
Cliente_60,6547.924,6.156,27.864,3.925,35.217,3.163,44.504,3.130,11.133,7.032,7.099
Cliente_61,5573.846,7.215,8.739,10.824,47.174,5.118,31.009,4.642,9.217,14.968,0.807
Cliente_61,9486.067,9.669,17.444,5.922,76.813,3.221,45.031,5.222,23.847,11.596,2.945
Cliente_61,1184.755,9.471,7.696,12.856,98.942,4.644,41.477,4.482,21.306,10.806,0.599
Cliente_61,3176.658,9.666,7.733,7.626,78.200,1.376,30.826,4.002,56.813,12.982,1.014
Cliente_61,8796.502,6.369,20.934,2.494,15.952,7.618,28.064,0.543,2.094,1.937,8.394
Cliente_61,7271.068,8.896,11.419,3.302,93.439,4.423,43.080,2.814,21.124,6.532,3.458
Cliente_61,7654.585,5.534,20.956,0.967,98.706,3.816,11.697,1.002,25.866,8.563,21.664
Cliente_61,8801.439,5.924,14.821,11.586,88.042,6.504,49.833,3.382,13.537,6.787,1.279
Cliente_61,4140.988,8.812,15.567,0.718,54.095,7.682,30.748,5.143,7.042,16.725,21.690
Cliente_61,4113.106,8.060,18.537,4.413,39.241,6.344,25.824,2.522,6.185,9.766,4.201
Cliente_62,4225.199,9.689,8.252,6.069,23.508,2.184,33.554,0.647,10.763,1.929,1.360
Cliente_62,6131.730,8.481,21.060,11.970,88.194,2.826,29.028,1.108,31.212,3.817,1.759
Cliente_62,546.412,5.677,27.308,7.919,26.098,6.603,26.406,3.542,3.952,13.412,3.448
Cliente_62,5170.180,7.068,24.098,14.271,74.084,3.278,13.176,0.224,22.600,1.698,1.689
Cliente_62,1423.254,7.254,21.833,5.991,47.762,5.128,34.004,5.856,9.314,17.223,3.644
Cliente_62,8299.105,5.894,4.583,6.019,37.857,8.699,19.789,2.706,4.352,13.673,0.761
Cliente_62,4517.529,7.952,4.311,11.640,79.177,5.892,31.894,5.397,13.439,16.922,0.370
Cliente_62,7226.745,8.563,14.033,13.728,50.163,1.052,34.791,2.321,47.695,6.670,1.022
Cliente_62,1132.603,6.010,11.525,8.700,66.381,8.944,32.302,5.972,7.422,18.487,1.325
Cliente_62,7787.533,7.273,16.191,10.063,20.580,3.141,43.010,0.831,6.552,1.932,1.609
Cliente_63,4170.152,9.657,21.144,7.513,21.674,1.216,10.452,1.543,17.826,14.764,2.814
Cliente_63,1783.306,5.466,8.958,10.485,60.637,6.629,18.047,2.293,9.147,12.704,0.854
Cliente_63,6721.233,6.496,16.285,14.041,56.774,2.061,21.265,0.330,27.542,1.553,1.160
Cliente_63,6111.286,6.843,16.215,14.801,66.867,8.633,41.608,1.805,7.746,4.337,1.096
Cliente_63,6915.445,6.895,21.179,4.664,54.325,8.196,22.311,1.624,6.628,7.280,4.541
Cliente_63,5950.095,5.338,18.750,9.328,26.192,9.991,30.268,2.246,2.622,7.421,2.010
Cliente_63,7873.288,7.137,4.170,5.089,64.847,4.726,22.957,3.163,13.720,13.777,0.819
Cliente_63,1775.015,7.752,22.162,8.118,73.773,4.004,10.245,1.886,18.424,18.407,2.730
Cliente_63,4553.923,6.464,19.240,14.928,98.133,6.044,37.433,6.045,16.237,16.148,1.289
Cliente_63,5790.084,5.673,29.628,5.631,10.142,6.738,23.654,3.138,1.505,13.267,5.262
Cliente_64,4815.474,8.625,1.904,5.060,80.645,5.713,38.547,5.212,14.117,13.521,0.376
Cliente_64,6272.378,6.578,29.525,0.959,80.001,7.980,30.894,2.143,10.025,6.937,30.800
Cliente_64,8920.691,7.679,19.169,6.501,92.202,2.290,10.164,1.217,40.269,11.974,2.949
Cliente_64,5370.138,6.041,25.430,7.707,49.940,8.846,47.293,3.278,5.645,6.931,3.299
Cliente_64,3351.761,8.427,17.558,3.946,12.244,8.399,37.482,6.728,1.458,17.951,4.450
Cliente_64,7840.106,8.998,12.297,7.053,53.440,9.442,33.772,2.397,5.660,7.097,1.744
Cliente_64,4140.117,9.440,18.261,14.286,55.005,7.090,13.483,0.628,7.758,4.658,1.278
Cliente_64,7426.104,6.768,26.073,3.634,27.119,2.194,28.675,1.794,12.358,6.256,7.175
Cliente_64,8351.222,9.848,22.795,4.884,93.127,7.521,11.846,0.837,12.382,7.064,4.668
Cliente_64,2994.138,6.402,21.453,2.127,75.920,5.134,30.823,2.892,14.787,9.381,10.084
Cliente_65,1177.391,8.522,4.072,12.353,52.145,4.529,16.832,1.872,11.514,11.122,0.330
Cliente_65,1494.058,6.416,2.560,10.837,51.003,7.297,40.718,3.508,6.990,8.616,0.236
Cliente_65,2737.095,6.224,13.368,10.228,71.603,6.987,34.178,3.027,10.249,8.855,1.307
Cliente_65,153.552,5.356,6.191,8.236,73.919,8.099,15.096,1.932,9.127,12.797,0.752
Cliente_65,6229.827,8.066,18.288,14.618,51.886,8.942,14.117,1.611,5.803,11.411,1.251
Cliente_65,5141.093,6.694,18.190,11.458,30.852,5.080,42.702,8.329,6.074,19.504,1.587
Cliente_65,2066.567,7.218,25.249,7.253,30.142,1.272,41.870,3.472,23.689,8.293,3.481
Cliente_65,3503.831,5.650,21.282,2.411,87.499,5.278,23.035,1.722,16.578,7.474,8.827
Cliente_65,3185.531,7.354,18.873,12.286,65.525,4.163,35.978,5.924,15.740,16.464,1.536
Cliente_65,1416.427,8.377,10.061,13.835,92.158,5.151,41.697,5.099,17.891,12.228,0.727
Cliente_66,7843.355,7.961,11.988,2.664,94.900,4.323,25.771,4.371,21.952,16.959,4.501
Cliente_66,4354.102,7.315,15.335,8.203,49.125,5.940,22.725,0.893,8.270,3.931,1.869
Cliente_66,7873.480,7.775,20.145,6.155,98.432,1.478,25.312,5.050,66.592,19.952,3.273
Cliente_66,5445.724,9.110,3.625,8.880,40.984,7.330,25.263,3.469,5.591,13.731,0.408
Cliente_66,2362.307,5.881,24.694,3.337,18.036,8.387,31.805,1.129,2.151,3.551,7.400
Cliente_66,6626.460,9.779,26.731,10.382,10.731,4.233,36.500,0.863,2.535,2.363,2.575
Cliente_66,779.866,5.348,27.194,5.091,98.778,8.751,28.995,0.376,11.287,1.298,5.342
Cliente_66,9308.702,5.544,19.448,8.769,46.378,8.791,17.529,2.578,5.276,14.705,2.218
Cliente_66,5742.309,9.070,1.005,13.741,21.480,3.117,25.384,2.601,6.891,10.247,0.073
Cliente_66,4866.816,8.857,5.255,4.916,36.477,7.320,46.979,4.368,4.983,9.298,1.069
Cliente_67,9902.186,7.760,16.839,14.762,17.027,7.604,12.457,2.140,2.239,17.177,1.141
Cliente_67,847.550,7.250,11.642,14.763,67.032,4.789,28.926,1.816,13.997,6.279,0.789
Cliente_67,6422.787,6.777,29.369,11.794,81.829,9.645,16.763,0.590,8.484,3.518,2.490
Cliente_67,4159.139,5.929,17.476,7.242,38.125,8.184,12.065,0.765,4.658,6.338,2.413
Cliente_67,4560.831,8.023,21.442,1.634,14.750,3.603,49.615,8.583,4.094,17.299,13.119
Cliente_67,7889.495,7.890,4.282,13.404,40.919,1.318,42.356,0.538,31.048,1.270,0.319
Cliente_67,6044.691,9.234,14.964,1.782,80.067,9.306,34.973,1.091,8.604,3.119,8.395
Cliente_67,4257.616,6.184,21.024,7.351,52.198,7.745,21.473,0.927,6.740,4.318,2.860
Cliente_67,1798.794,7.509,5.121,11.254,56.140,7.543,13.300,1.628,7.443,12.244,0.455
Cliente_67,5094.640,7.054,22.208,14.426,52.231,6.073,30.224,1.170,8.600,3.872,1.539
Cliente_68,4467.085,9.670,11.007,6.007,71.459,1.884,17.197,0.803,37.919,4.669,1.832
Cliente_68,8078.599,5.771,19.626,10.731,13.692,6.889,31.905,0.463,1.987,1.450,1.829
Cliente_68,2613.265,7.480,22.909,7.382,92.594,4.520,36.912,1.014,20.484,2.747,3.104
Cliente_68,7008.048,9.968,4.364,2.605,67.368,7.958,43.268,8.148,8.465,18.832,1.675
Cliente_68,4849.700,8.852,5.860,13.119,96.057,7.742,10.478,1.412,12.407,13.476,0.447
Cliente_68,7993.921,6.190,12.564,0.672,48.861,7.609,13.908,2.347,6.422,16.874,18.695
Cliente_68,8620.282,7.201,9.740,13.945,92.624,6.299,14.156,2.698,14.706,19.059,0.698
Cliente_68,3429.137,8.188,22.638,7.008,87.252,2.754,27.838,3.653,31.678,13.124,3.230
Cliente_68,844.930,6.054,22.820,10.338,40.147,4.037,18.777,2.714,9.946,14.453,2.207
Cliente_68,1451.557,8.672,16.443,14.446,34.038,7.213,21.332,0.700,4.719,3.280,1.138
Cliente_69,8564.552,9.681,23.536,3.087,61.421,9.142,10.132,1.947,6.719,19.218,7.623
Cliente_69,1299.943,8.194,12.101,7.635,32.554,6.172,48.166,1.311,5.275,2.723,1.585
Cliente_69,6564.290,9.613,10.647,2.586,50.129,5.638,42.719,4.767,8.891,11.158,4.117
Cliente_69,8999.072,6.382,2.742,11.646,90.686,9.459,29.283,5.639,9.587,19.258,0.235
Cliente_69,5661.122,7.135,28.713,3.667,23.397,5.416,32.690,0.827,4.320,2.529,7.831
Cliente_69,9671.688,9.517,8.675,9.828,67.630,4.925,47.402,4.614,13.733,9.733,0.883
Cliente_69,8960.120,8.849,13.777,13.733,93.960,8.596,24.357,3.791,10.930,15.564,1.003
Cliente_69,6956.841,6.617,15.260,10.873,69.815,8.028,37.273,4.960,8.696,13.308,1.403
Cliente_69,2534.104,5.810,27.929,1.998,33.979,8.068,26.025,1.134,4.211,4.356,13.981
Cliente_69,4670.089,5.370,18.699,1.557,73.005,5.861,35.291,0.617,12.456,1.747,12.007
Cliente_70,3842.253,5.965,29.879,13.177,73.117,1.957,49.034,4.358,37.362,8.888,2.268
Cliente_70,1910.841,8.599,2.074,2.660,21.748,5.474,33.039,4.701,3.973,14.230,0.780
Cliente_70,6959.127,7.965,2.626,8.901,25.502,8.193,15.493,1.784,3.113,11.515,0.295
Cliente_70,8964.711,7.446,23.846,13.910,14.496,2.985,43.457,4.057,4.856,9.335,1.714
Cliente_70,6306.540,5.315,2.242,1.035,37.660,8.240,41.724,7.756,4.570,18.588,2.166
Cliente_70,3593.252,7.703,4.427,2.553,81.433,4.836,40.569,0.719,16.839,1.773,1.734
Cliente_70,849.540,6.539,24.406,9.981,51.057,8.304,33.723,0.978,6.149,2.899,2.445
Cliente_70,6328.280,7.670,20.352,7.333,25.362,9.840,23.420,4.005,2.578,17.100,2.776
Cliente_70,7353.507,9.171,14.293,13.811,63.194,7.106,14.830,1.874,8.894,12.636,1.035
Cliente_70,1400.290,7.247,20.664,1.164,83.602,3.918,15.649,2.469,21.337,15.776,17.751
Cliente_71,157.288,8.462,28.559,11.536,52.697,1.390,23.039,1.196,37.916,5.193,2.476
Cliente_71,4870.188,6.031,19.189,8.326,25.869,7.664,17.950,1.786,3.376,9.949,2.305
Cliente_71,64.489,8.199,23.695,3.680,70.313,9.324,37.074,3.783,7.541,10.204,6.440
Cliente_71,1794.949,7.615,11.088,11.670,13.880,2.583,23.027,4.126,5.374,17.919,0.950
Cliente_71,892.323,7.060,1.133,10.060,68.037,8.069,41.159,1.545,8.432,3.754,0.113
Cliente_71,6517.906,9.690,7.834,4.508,35.656,5.366,23.045,4.293,6.645,18.630,1.738
Cliente_71,8869.265,8.053,4.408,3.309,49.120,2.045,13.923,1.343,24.025,9.645,1.332
Cliente_71,4162.806,5.188,16.376,12.051,40.087,9.056,39.510,3.303,4.427,8.359,1.359
Cliente_71,8074.311,5.900,3.775,10.436,82.464,7.493,44.795,1.609,11.006,3.592,0.362
Cliente_71,7725.855,7.499,11.495,14.544,78.257,6.334,25.021,3.672,12.354,14.677,0.790
Cliente_72,6320.579,6.718,25.852,8.902,13.026,9.549,10.977,0.257,1.364,2.343,2.904
Cliente_72,9755.583,9.432,15.187,13.431,57.801,2.194,28.194,5.068,26.340,17.975,1.131
Cliente_72,2022.907,8.018,29.874,9.081,53.134,3.662,40.873,2.994,14.509,7.325,3.290
Cliente_72,1272.990,8.948,18.156,2.660,81.822,6.829,44.968,0.729,11.982,1.622,6.825
Cliente_72,6922.413,8.190,25.273,8.819,83.916,1.817,26.214,2.383,46.195,9.092,2.866
Cliente_72,597.458,8.058,9.096,0.574,50.720,5.318,41.594,2.548,9.537,6.126,15.857
Cliente_72,1365.878,5.850,22.171,14.713,31.646,3.744,24.817,4.709,8.454,18.976,1.507
Cliente_72,8516.662,9.851,22.349,1.081,60.264,7.330,28.572,3.230,8.222,11.306,20.677
Cliente_72,4586.331,9.275,8.153,7.324,11.118,8.721,35.336,5.687,1.275,16.095,1.113
Cliente_72,1712.842,5.432,10.492,11.645,75.861,7.726,44.415,7.091,9.819,15.966,0.901
Cliente_73,810.509,6.828,28.235,1.419,81.991,9.610,31.657,4.194,8.532,13.249,19.900
Cliente_73,8808.592,5.876,17.823,5.506,95.083,1.984,15.281,1.348,47.918,8.822,3.237
Cliente_73,7357.872,7.794,28.814,7.550,82.792,3.483,23.868,1.793,23.767,7.513,3.816
Cliente_73,549.062,5.335,7.084,8.137,94.679,7.274,27.754,3.684,13.017,13.275,0.871
Cliente_73,9453.277,8.547,22.605,2.279,15.906,5.467,35.787,2.577,2.910,7.200,9.918
Cliente_73,6746.855,6.024,7.538,10.792,90.271,8.875,21.661,2.659,10.171,12.274,0.698
Cliente_73,8879.891,9.906,11.229,10.335,51.209,5.686,12.518,1.783,9.006,14.240,1.086
Cliente_73,1110.554,6.193,8.753,8.226,17.215,6.645,44.872,7.627,2.591,16.996,1.064
Cliente_73,3656.543,5.568,20.727,4.738,90.815,3.639,19.293,1.825,24.959,9.460,4.375
Cliente_73,6191.715,7.392,9.037,9.504,35.954,9.726,47.898,3.246,3.697,6.778,0.951
Cliente_74,1320.411,5.832,2.193,8.328,76.465,6.087,43.635,4.900,12.562,11.230,0.263
Cliente_74,7893.693,9.621,10.182,2.858,97.804,9.162,27.839,2.635,10.675,9.464,3.563
Cliente_74,1718.200,8.559,4.668,4.873,39.815,4.979,13.699,1.885,7.997,13.760,0.958
Cliente_74,2600.815,6.426,8.552,13.846,73.491,7.202,12.201,0.325,10.204,2.660,0.618
Cliente_74,4842.947,9.866,6.350,6.366,52.652,7.585,35.653,3.823,6.942,10.724,0.998
Cliente_74,9707.270,9.197,17.312,7.742,36.084,9.102,33.337,1.565,3.965,4.695,2.236
Cliente_74,7697.728,8.464,2.006,2.608,94.961,2.255,18.886,1.329,42.115,7.037,0.769
Cliente_74,474.142,8.332,10.191,7.142,98.262,5.959,47.427,5.927,16.491,12.496,1.427
Cliente_74,3531.856,5.767,10.972,5.143,61.635,3.773,21.117,3.996,16.337,18.925,2.133
Cliente_74,4559.809,6.190,11.815,0.562,23.238,4.615,10.902,1.991,5.036,18.260,21.012
Cliente_75,3611.288,8.639,18.028,6.437,13.801,8.508,49.773,5.345,1.622,10.738,2.801
Cliente_75,1480.311,7.221,3.496,13.759,84.362,5.253,12.669,1.511,16.060,11.930,0.254
Cliente_75,8538.187,9.963,7.026,6.510,85.113,6.884,39.823,6.794,12.363,17.060,1.079
Cliente_75,3696.930,9.018,14.764,8.559,37.352,9.034,33.243,1.361,4.135,4.094,1.725
Cliente_75,3728.939,6.443,26.158,10.799,60.335,4.754,32.623,0.689,12.690,2.112,2.422
Cliente_75,2847.219,9.028,29.613,11.451,51.711,5.427,44.734,3.164,9.528,7.074,2.586
Cliente_75,3514.199,9.852,2.917,2.485,12.416,7.191,35.120,6.212,1.727,17.688,1.174
Cliente_75,9775.259,7.119,28.843,3.197,10.220,3.203,29.042,1.038,3.191,3.574,9.022
Cliente_75,8743.143,9.482,22.927,6.036,33.641,2.074,37.770,1.550,16.219,4.103,3.799
Cliente_75,876.899,5.698,3.565,8.531,96.042,3.495,14.783,0.914,27.480,6.181,0.418
Cliente_76,4195.721,8.763,24.876,3.232,16.876,4.078,13.144,0.279,4.138,2.126,7.697
Cliente_76,9121.134,7.719,1.374,13.507,83.696,7.389,37.633,1.227,11.327,3.260,0.102
Cliente_76,3560.487,9.362,16.027,9.395,93.107,1.259,41.361,2.402,73.963,5.807,1.706
Cliente_76,2899.272,9.134,11.817,12.556,53.157,8.331,13.109,0.296,6.380,2.259,0.941
Cliente_76,5296.594,8.425,15.062,8.122,38.042,3.001,40.988,5.609,12.675,13.684,1.854
Cliente_76,9363.234,6.505,10.869,8.215,42.631,8.711,40.293,6.180,4.894,15.336,1.323
Cliente_76,5139.151,8.427,27.413,8.491,83.533,2.281,11.701,1.856,36.618,15.865,3.228
Cliente_76,7664.658,8.442,3.970,11.466,90.075,3.039,14.313,2.645,29.638,18.482,0.346
Cliente_76,1833.292,5.479,5.482,2.153,63.788,2.128,41.722,2.045,29.974,4.903,2.547
Cliente_76,945.992,7.900,7.412,7.177,78.723,2.172,30.539,5.534,36.245,18.122,1.033
Cliente_77,1848.633,6.209,29.234,5.645,73.426,5.985,29.666,5.808,12.268,19.579,5.179
Cliente_77,3515.985,7.851,3.862,6.004,60.142,3.615,14.207,0.317,16.635,2.229,0.643
Cliente_77,908.702,5.496,7.206,3.607,13.655,8.698,27.522,5.375,1.570,19.529,1.998
Cliente_77,8458.769,7.891,15.622,3.800,39.530,2.699,36.342,2.702,14.646,7.434,4.111
Cliente_77,9418.508,5.070,21.525,2.136,20.415,1.626,13.400,1.649,12.552,12.304,10.076
Cliente_77,9487.967,6.085,11.627,14.777,35.525,8.570,15.735,3.119,4.146,19.823,0.787
Cliente_77,3479.018,5.958,18.092,2.292,64.035,5.281,26.025,0.867,12.125,3.332,7.892
Cliente_77,1606.413,6.409,13.750,2.100,38.081,7.112,33.622,5.690,5.354,16.924,6.549
Cliente_77,5006.844,9.508,28.775,2.471,97.856,2.614,14.069,2.079,37.440,14.779,11.646
Cliente_77,7285.812,7.686,6.245,11.553,49.956,9.989,47.012,2.958,5.001,6.292,0.541
Cliente_78,7135.225,6.394,20.665,11.995,48.737,7.355,29.036,0.446,6.627,1.535,1.723
Cliente_78,5819.604,8.840,29.190,3.428,92.345,5.423,44.174,0.820,17.027,1.857,8.515
Cliente_78,2730.455,5.540,12.096,10.100,44.527,2.210,30.267,5.116,20.144,16.902,1.198
Cliente_78,7895.138,6.253,20.697,7.609,38.310,7.442,25.655,1.957,5.148,7.629,2.720
Cliente_78,6438.668,7.486,5.429,4.294,43.870,5.387,29.788,4.498,8.144,15.099,1.264
Cliente_78,4002.955,8.142,19.037,5.482,51.369,1.984,48.835,0.738,25.886,1.511,3.472
Cliente_78,4758.787,5.673,3.794,12.965,12.957,7.075,34.678,6.220,1.831,17.936,0.293
Cliente_78,6032.051,5.498,3.219,8.426,60.100,6.941,24.111,1.804,8.659,7.484,0.382
Cliente_78,4045.032,5.264,22.797,14.312,87.432,7.168,49.111,1.400,12.197,2.850,1.593
Cliente_78,4845.844,5.341,23.260,0.958,37.274,6.150,22.819,1.725,6.061,7.558,24.275
Cliente_79,3574.303,5.099,11.954,9.415,99.660,5.277,34.999,5.285,18.884,15.102,1.270
Cliente_79,3513.341,6.631,12.319,5.768,46.182,2.888,28.129,2.779,15.993,9.879,2.136
Cliente_79,6612.739,7.305,17.604,6.822,30.330,8.161,40.538,7.624,3.716,18.806,2.580
Cliente_79,2476.892,9.317,24.441,7.706,76.860,6.864,17.224,1.916,11.198,11.122,3.172
Cliente_79,6481.180,7.840,3.902,12.786,18.276,3.717,10.744,1.362,4.917,12.674,0.305
Cliente_79,5925.724,9.507,20.578,11.914,85.977,8.237,38.133,5.954,10.438,15.613,1.727
Cliente_79,9103.980,6.333,10.743,12.686,18.526,4.896,44.508,4.113,3.784,9.241,0.847
Cliente_79,655.937,8.480,15.580,8.270,40.315,5.860,33.074,3.888,6.880,11.756,1.884
Cliente_79,3049.820,7.940,23.182,4.667,16.054,2.801,18.518,2.390,5.732,12.908,4.968
Cliente_79,3376.605,9.929,10.847,1.189,82.107,4.621,48.485,5.296,17.769,10.923,9.121
Cliente_80,3643.382,7.062,14.461,3.052,46.631,5.698,33.373,4.072,8.184,12.200,4.738
Cliente_80,1478.289,9.119,17.235,12.862,42.709,8.461,25.598,2.641,5.048,10.317,1.340
Cliente_80,1505.576,8.230,13.648,14.475,69.169,9.547,39.935,3.242,7.245,8.119,0.943
Cliente_80,6853.381,6.282,19.761,7.545,18.128,9.384,19.438,3.698,1.932,19.026,2.619
Cliente_80,3003.456,8.006,2.073,0.789,94.885,3.266,26.915,1.888,29.050,7.013,2.629
Cliente_80,4354.452,7.029,5.621,12.964,75.181,8.961,15.771,1.428,8.390,9.052,0.434
Cliente_80,3187.213,5.568,4.956,1.717,22.650,3.143,17.006,2.376,7.207,13.972,2.887
Cliente_80,8302.314,5.960,8.494,9.223,20.074,2.100,48.797,9.419,9.557,19.303,0.921
Cliente_80,645.211,6.228,24.303,13.074,76.103,8.260,27.579,4.884,9.213,17.709,1.859
Cliente_80,2036.377,9.136,20.101,13.558,93.964,3.964,20.172,3.793,23.707,18.802,1.483
Cliente_81,3630.617,8.944,12.266,13.780,47.167,8.321,35.132,5.642,5.668,16.060,0.890
Cliente_81,7156.997,6.198,27.384,9.655,85.705,7.640,22.549,1.594,11.218,7.069,2.836
Cliente_81,8213.832,7.764,12.396,13.252,74.565,5.079,13.289,1.341,14.680,10.089,0.935
Cliente_81,211.721,6.546,29.362,11.618,88.909,1.246,16.313,2.442,71.346,14.968,2.527
Cliente_81,9668.085,9.792,8.410,6.391,83.822,1.469,30.655,1.825,57.065,5.953,1.316
Cliente_81,6058.542,6.814,3.617,0.991,84.196,6.774,48.787,6.860,12.429,14.062,3.649
Cliente_81,8414.888,9.061,24.859,13.063,72.863,6.671,43.225,7.222,10.922,16.709,1.903
Cliente_81,6622.572,5.610,7.828,12.436,55.570,8.119,40.527,6.562,6.844,16.191,0.629
Cliente_81,9408.542,9.335,7.101,14.137,41.667,2.225,43.878,2.095,18.728,4.775,0.502
Cliente_81,6907.134,9.288,26.817,7.331,64.190,4.606,37.430,3.322,13.936,8.875,3.658
Cliente_82,1819.711,9.871,4.403,11.841,46.767,2.199,23.315,2.978,21.269,12.773,0.372
Cliente_82,8764.024,5.991,21.839,4.675,23.135,3.909,19.394,1.309,5.918,6.748,4.671
Cliente_82,9447.627,8.506,13.620,7.665,36.117,7.237,46.329,3.938,4.991,8.499,1.777
Cliente_82,8843.530,5.844,27.680,2.388,33.562,7.182,49.870,4.013,4.673,8.047,11.592
Cliente_82,2245.647,7.005,14.158,12.917,65.591,7.420,47.573,9.226,8.840,19.393,1.096
Cliente_82,9481.144,7.145,20.535,9.201,91.660,7.376,48.688,5.663,12.427,11.632,2.232
Cliente_82,9231.200,6.301,4.437,14.931,43.267,7.625,33.929,4.081,5.674,12.029,0.297
Cliente_82,6471.420,5.445,21.693,4.603,71.584,3.306,39.930,2.374,21.653,5.946,4.713
Cliente_82,6266.647,6.840,6.526,10.319,51.235,1.858,11.820,1.250,27.582,10.571,0.632
Cliente_82,9068.541,9.736,25.996,6.566,10.929,1.529,20.146,3.763,7.149,18.676,3.959
Cliente_83,8779.090,8.739,29.842,4.273,86.125,6.271,11.038,1.494,13.734,13.531,6.984
Cliente_83,1320.063,9.631,23.147,10.736,88.019,6.252,37.252,3.586,14.079,9.627,2.156
Cliente_83,3173.857,6.415,5.387,6.828,21.129,9.745,37.226,7.128,2.168,19.149,0.789
Cliente_83,5304.708,9.385,25.738,14.930,18.422,5.734,25.767,3.167,3.213,12.290,1.724
Cliente_83,1418.816,8.065,20.065,13.944,88.136,6.137,33.614,0.373,14.361,1.110,1.439
Cliente_83,1169.304,8.808,24.148,1.091,26.259,4.748,48.049,9.334,5.531,19.426,22.124
Cliente_83,442.577,6.319,2.543,5.670,25.147,1.692,43.479,5.855,14.866,13.467,0.449
Cliente_83,1279.587,6.565,5.310,10.781,55.786,7.914,16.151,3.080,7.049,19.067,0.493
Cliente_83,8716.924,9.463,7.666,7.535,34.551,7.092,13.243,0.950,4.872,7.173,1.017
Cliente_83,8348.206,6.578,2.040,7.648,90.181,8.986,43.228,6.441,10.035,14.899,0.267
Cliente_84,7343.461,6.907,22.824,12.565,49.070,5.722,21.819,1.275,8.575,5.842,1.817
Cliente_84,9574.070,6.994,19.968,7.933,48.342,3.616,11.909,0.304,13.368,2.554,2.517
Cliente_84,5692.015,5.890,4.497,7.600,13.639,4.936,13.061,1.380,2.763,10.565,0.592
Cliente_84,2114.457,9.825,15.235,13.338,40.757,9.165,11.804,0.374,4.447,3.165,1.142
Cliente_84,487.774,9.328,13.538,7.408,51.717,5.299,14.305,1.941,9.761,13.570,1.827
Cliente_84,6436.797,5.446,24.384,8.664,30.181,2.337,26.997,1.191,12.912,4.411,2.814
Cliente_84,3232.385,9.262,9.993,6.635,71.761,2.150,13.779,0.615,33.376,4.462,1.506
Cliente_84,556.295,5.815,20.864,11.469,23.956,9.126,36.434,3.085,2.625,8.466,1.819
Cliente_84,708.170,8.897,4.807,12.259,54.579,8.574,32.739,0.845,6.366,2.583,0.392
Cliente_84,9519.050,6.425,20.300,9.401,66.660,5.708,20.135,3.556,11.679,17.658,2.159
Cliente_85,2977.178,8.735,26.195,4.889,49.221,7.323,35.216,4.307,6.721,12.230,5.358
Cliente_85,5872.497,8.020,29.008,2.314,66.345,9.675,38.524,4.861,6.858,12.618,12.537
Cliente_85,4550.526,9.358,18.455,0.701,81.101,5.243,49.179,6.833,15.467,13.895,26.319
Cliente_85,6702.928,5.532,15.115,2.123,27.182,8.738,43.945,7.258,3.111,16.517,7.121
Cliente_85,6238.480,7.672,18.936,0.730,37.083,6.267,39.483,4.055,5.917,10.270,25.928
Cliente_85,2651.479,5.029,29.244,14.573,51.708,2.812,33.834,4.930,18.388,14.572,2.007
Cliente_85,9667.230,5.583,11.461,12.956,52.659,6.125,32.172,3.551,8.598,11.038,0.885
Cliente_85,8713.577,5.859,20.540,3.534,11.964,8.505,21.631,1.951,1.407,9.018,5.812
Cliente_85,1872.730,7.386,21.019,9.905,24.949,1.458,29.500,2.065,17.109,7.001,2.122
Cliente_85,1851.689,8.459,12.455,9.921,23.718,1.071,29.444,0.650,22.148,2.207,1.255
Cliente_86,8928.879,6.719,21.630,11.364,14.234,6.558,37.605,4.739,2.171,12.601,1.903
Cliente_86,4171.957,6.161,28.834,10.172,11.632,2.086,30.615,4.856,5.576,15.861,2.835
Cliente_86,4733.906,6.099,25.159,2.372,89.282,3.017,36.779,6.988,29.594,19.000,10.607
Cliente_86,4948.393,9.545,20.520,3.393,42.134,3.320,38.256,6.369,12.689,16.649,6.049
Cliente_86,9389.706,6.696,22.303,9.283,24.274,4.063,47.065,0.846,5.975,1.797,2.402
Cliente_86,3468.294,8.011,24.083,1.963,84.515,4.197,27.513,0.826,20.136,3.003,12.268
Cliente_86,6975.447,9.212,24.193,6.532,90.501,1.420,28.285,3.668,63.729,12.969,3.704
Cliente_86,209.048,8.285,25.491,14.910,12.877,8.899,43.664,7.661,1.447,17.547,1.710
Cliente_86,2880.820,5.656,19.033,4.903,15.730,3.407,14.437,2.643,4.616,18.309,3.882
Cliente_86,1922.821,6.467,9.191,3.537,48.756,2.361,14.236,0.567,20.654,3.984,2.599
Cliente_87,2921.938,7.079,20.285,12.022,24.789,5.678,31.112,4.931,4.366,15.850,1.687
Cliente_87,4415.738,8.845,5.397,5.746,15.532,3.662,46.818,4.066,4.242,8.686,0.939
Cliente_87,5059.460,6.227,22.852,0.932,78.327,4.618,38.012,1.805,16.961,4.749,24.531
Cliente_87,7325.786,9.046,13.230,2.611,69.416,7.128,27.848,1.874,9.739,6.729,5.067
Cliente_87,993.843,6.707,7.617,0.644,67.732,5.982,18.205,0.310,11.322,1.702,11.823
Cliente_87,6471.283,7.525,24.251,12.191,91.226,3.739,31.777,2.337,24.399,7.355,1.989
Cliente_87,3346.741,5.426,12.989,14.183,15.203,7.684,41.534,6.137,1.978,14.777,0.916
Cliente_87,1378.587,6.862,12.870,1.729,66.845,9.183,36.081,5.434,7.279,15.061,7.442
Cliente_87,8486.102,8.774,14.304,5.065,74.203,1.071,37.899,1.286,69.276,3.394,2.824
Cliente_87,4391.646,6.803,25.719,14.738,69.433,3.518,45.507,9.032,19.736,19.847,1.745
Cliente_88,2839.995,8.871,4.618,8.233,39.506,5.286,27.603,4.804,7.473,17.402,0.561
Cliente_88,929.103,8.633,9.641,9.135,62.413,5.015,47.241,1.532,12.444,3.243,1.055
Cliente_88,5518.307,9.935,22.369,5.580,84.056,4.324,29.582,1.491,19.441,5.040,4.009
Cliente_88,5213.837,5.552,14.141,4.626,42.514,5.736,48.931,4.890,7.411,9.994,3.057
Cliente_88,7570.706,5.300,29.506,11.879,18.819,6.294,42.952,6.522,2.990,15.183,2.484
Cliente_88,1601.113,6.865,24.356,10.865,74.048,5.671,15.774,2.987,13.058,18.937,2.242
Cliente_88,279.884,8.135,29.681,10.250,84.559,4.553,15.085,1.209,18.572,8.017,2.896
Cliente_88,7966.190,6.772,17.402,10.858,17.375,3.373,38.446,7.337,5.151,19.085,1.603
Cliente_88,5925.444,5.239,26.936,8.035,15.597,5.489,15.175,1.886,2.841,12.430,3.352
Cliente_88,2414.156,8.255,19.205,4.091,89.966,4.811,38.181,3.346,18.701,8.764,4.695
Cliente_89,1209.543,7.948,13.110,7.184,58.690,6.049,45.875,7.492,9.702,16.331,1.825
Cliente_89,5718.076,5.243,17.619,7.024,96.227,2.114,14.811,1.856,45.518,12.530,2.508
Cliente_89,403.781,9.471,17.407,7.012,90.104,6.034,47.447,4.097,14.932,8.634,2.483
Cliente_89,1533.892,9.445,27.108,13.062,76.232,2.732,17.190,0.319,27.905,1.855,2.075
Cliente_89,3715.302,6.078,23.659,5.216,68.132,6.568,10.759,1.870,10.373,17.378,4.536
Cliente_89,9910.210,9.096,14.782,12.097,87.936,6.192,41.470,0.598,14.202,1.442,1.222
Cliente_89,3033.298,7.444,21.881,10.135,73.649,1.476,19.811,1.843,49.902,9.303,2.159
Cliente_89,4859.769,5.612,18.566,6.440,61.480,6.132,38.225,3.396,10.026,8.884,2.883
Cliente_89,7912.246,6.743,23.097,3.876,81.654,2.705,45.506,7.888,30.191,17.333,5.959
Cliente_89,1422.256,9.352,15.638,6.233,73.666,5.283,27.769,1.952,13.945,7.030,2.509
Cliente_90,2572.521,8.072,4.508,6.403,80.669,5.838,47.340,7.122,13.818,15.044,0.704
Cliente_90,1147.332,6.626,6.874,7.520,37.415,4.814,29.287,3.426,7.773,11.699,0.914
Cliente_90,994.237,5.136,22.812,6.409,46.607,9.203,33.915,2.276,5.064,6.712,3.560
Cliente_90,1682.392,5.293,17.995,3.889,17.552,5.066,43.580,3.709,3.465,8.511,4.627
Cliente_90,1441.198,6.950,15.296,13.349,67.222,1.009,25.206,0.841,66.622,3.337,1.146
Cliente_90,2556.290,6.600,22.819,4.403,28.311,5.182,24.057,0.879,5.463,3.653,5.183
Cliente_90,897.196,7.064,12.166,14.470,97.112,8.464,35.288,4.084,11.473,11.573,0.841
Cliente_90,3068.635,6.621,4.337,10.289,43.597,3.603,33.406,2.108,12.100,6.310,0.422
Cliente_90,4073.357,6.878,2.758,4.072,98.678,9.749,30.413,2.800,10.122,9.207,0.677
Cliente_90,1692.741,9.139,14.480,8.543,80.382,1.005,11.819,1.489,79.991,12.598,1.695
Cliente_91,9574.214,7.299,26.963,10.248,94.262,7.460,25.843,0.888,12.635,3.437,2.631
Cliente_91,3183.721,7.998,21.396,5.618,50.012,3.108,44.797,1.002,16.090,2.236,3.808
Cliente_91,6821.328,5.079,23.111,12.285,29.937,5.444,32.764,1.944,5.499,5.933,1.881
Cliente_91,3427.010,8.459,16.606,12.498,11.780,4.267,29.760,3.520,2.761,11.828,1.329
Cliente_91,2614.344,8.232,23.832,5.691,35.302,3.527,32.071,1.710,10.010,5.331,4.188
Cliente_91,7527.187,5.010,19.824,3.069,92.926,9.141,36.394,3.981,10.166,10.939,6.459
Cliente_91,4527.728,7.383,3.248,11.636,42.204,7.363,32.628,5.176,5.732,15.863,0.279
Cliente_91,2460.037,9.507,1.897,10.607,18.097,2.882,37.295,1.732,6.280,4.645,0.179
Cliente_91,9830.236,8.364,25.130,0.622,65.210,2.765,32.606,4.526,23.586,13.882,40.386
Cliente_91,3416.956,7.066,20.477,7.209,37.286,8.390,12.614,2.504,4.444,19.847,2.840
Cliente_92,6930.165,7.163,13.182,1.579,40.087,6.576,15.101,0.426,6.096,2.821,8.346
Cliente_92,5329.882,9.976,14.017,4.125,32.537,7.877,46.765,7.149,4.131,15.287,3.398
Cliente_92,2529.958,6.370,1.150,2.885,19.706,6.628,27.677,1.503,2.973,5.429,0.398
Cliente_92,5601.600,8.401,6.644,5.007,31.452,6.210,22.059,2.734,5.064,12.392,1.327
Cliente_92,4539.807,7.333,3.372,9.577,40.672,1.770,35.047,4.744,22.981,13.535,0.352
Cliente_92,9378.966,6.807,17.583,1.903,14.899,1.546,12.632,0.152,9.636,1.202,9.242
Cliente_92,6410.022,8.795,1.736,7.460,40.023,1.300,37.103,3.077,30.785,8.294,0.233
Cliente_92,9430.799,9.419,22.386,12.217,81.470,3.820,32.370,5.214,21.330,16.108,1.832
Cliente_92,519.576,6.123,29.365,9.092,94.919,8.629,21.797,3.862,11.000,17.719,3.230
Cliente_92,9387.655,6.390,13.291,9.581,79.817,1.585,25.258,3.224,50.350,12.765,1.387
Cliente_93,3396.825,5.968,10.038,5.848,28.033,9.668,19.211,1.516,2.900,7.894,1.717
Cliente_93,9375.911,7.866,13.640,0.617,91.765,6.545,34.957,0.839,14.021,2.401,22.100
Cliente_93,7829.508,8.187,28.832,9.003,80.674,4.768,19.561,0.307,16.919,1.570,3.202
Cliente_93,4541.314,6.281,22.877,10.335,40.740,2.461,39.383,1.256,16.557,3.189,2.213
Cliente_93,3282.608,7.105,10.024,1.331,70.107,5.089,48.104,3.137,13.777,6.521,7.531
Cliente_93,1925.621,8.623,26.671,7.853,72.530,8.103,23.261,1.092,8.951,4.694,3.396
Cliente_93,1027.794,7.223,23.489,12.610,98.373,1.380,39.603,4.803,71.299,12.128,1.863
Cliente_93,5952.156,6.216,5.275,12.951,63.979,2.975,18.213,2.831,21.508,15.545,0.407
Cliente_93,676.377,8.985,9.952,6.620,39.803,1.033,17.370,0.319,38.521,1.834,1.503
Cliente_93,7894.375,5.302,10.944,3.333,62.057,3.007,49.595,0.776,20.636,1.564,3.283
Cliente_94,1979.052,5.105,28.294,5.984,39.491,6.972,37.780,6.574,5.665,17.400,4.728
Cliente_94,1742.292,8.387,29.336,5.927,14.793,1.584,38.626,3.292,9.340,8.522,4.950
Cliente_94,8853.937,6.895,29.933,9.193,81.605,5.578,29.792,2.030,14.631,6.814,3.256
Cliente_94,7188.648,8.937,26.568,14.666,88.557,7.762,20.733,3.708,11.409,17.885,1.812
Cliente_94,3398.835,5.555,26.473,4.046,86.635,6.806,26.038,3.087,12.730,11.856,6.543
Cliente_94,5545.495,9.681,2.896,1.170,97.155,5.582,46.847,8.795,17.404,18.774,2.476
Cliente_94,1786.236,6.525,5.189,9.432,89.725,5.487,33.359,2.705,16.351,8.108,0.550
Cliente_94,215.899,6.201,27.801,3.242,28.831,5.178,11.464,1.314,5.568,11.460,8.575
Cliente_94,8428.971,9.047,24.052,8.264,17.327,3.896,18.781,0.667,4.447,3.552,2.910
Cliente_94,9106.579,8.305,6.559,11.949,52.360,4.365,18.120,0.470,11.996,2.597,0.549
Cliente_95,4445.609,6.912,27.872,4.480,80.482,3.042,17.514,0.207,26.454,1.184,6.222
Cliente_95,3516.398,5.898,3.854,10.732,46.343,7.742,40.805,6.691,5.986,16.398,0.359
Cliente_95,5840.038,6.169,3.069,14.971,46.518,5.270,37.918,6.390,8.827,16.852,0.205
Cliente_95,4653.066,8.227,2.110,14.977,62.196,5.642,18.383,1.371,11.023,7.457,0.141
Cliente_95,6211.637,6.795,6.809,11.410,68.978,8.074,27.999,2.510,8.543,8.964,0.597
Cliente_95,4261.597,5.412,6.703,11.227,52.480,7.819,32.338,4.537,6.712,14.029,0.597
Cliente_95,4676.042,9.213,10.548,13.730,56.138,7.503,24.988,2.165,7.483,8.664,0.768
Cliente_95,4090.119,7.564,9.779,0.624,78.504,5.153,33.100,5.228,15.236,15.794,15.678
Cliente_95,8045.240,8.218,24.651,4.842,23.435,8.127,15.134,1.697,2.884,11.214,5.091
Cliente_95,3170.887,8.929,20.823,12.423,45.775,3.818,47.734,3.435,11.990,7.196,1.676
Cliente_96,233.375,9.901,4.025,10.064,53.043,9.452,31.034,4.507,5.612,14.521,0.400
Cliente_96,7853.793,6.021,17.034,1.515,16.189,6.287,46.412,3.087,2.575,6.652,11.246
Cliente_96,9221.520,6.953,1.930,1.333,95.959,5.522,45.170,5.713,17.377,12.648,1.448
Cliente_96,1537.759,7.672,20.982,8.019,87.913,7.164,28.408,4.656,12.272,16.390,2.617
Cliente_96,9526.423,5.942,15.170,2.991,21.694,3.479,33.045,1.430,6.236,4.327,5.071
Cliente_96,3303.175,5.543,6.414,12.966,28.511,1.067,39.492,2.264,26.721,5.734,0.495
Cliente_96,6298.763,7.848,3.015,6.457,48.898,2.284,21.516,3.894,21.407,18.099,0.467
Cliente_96,6030.425,7.258,28.927,2.777,73.870,1.576,45.240,6.755,46.880,14.932,10.417
Cliente_96,6078.765,9.474,9.231,2.106,52.730,4.593,28.252,2.740,11.480,9.699,4.383
Cliente_96,8669.581,5.466,7.758,8.279,64.334,8.268,38.013,6.959,7.781,18.306,0.937
Cliente_97,1835.260,8.490,10.454,12.909,31.806,4.518,37.870,5.936,7.040,15.676,0.810
Cliente_97,5686.584,8.612,14.077,6.252,95.502,1.698,43.460,6.769,56.235,15.575,2.252
Cliente_97,3936.120,6.086,8.330,0.656,22.623,7.872,42.460,7.918,2.874,18.648,12.704
Cliente_97,9456.928,7.467,15.676,2.163,83.838,7.096,35.640,2.893,11.814,8.118,7.248
Cliente_97,2397.713,9.962,14.403,13.798,85.741,2.381,38.656,2.139,36.003,5.532,1.044
Cliente_97,8705.525,7.764,3.123,5.243,25.353,4.223,45.880,1.255,6.004,2.736,0.596
Cliente_97,2738.489,9.977,21.140,11.356,11.626,2.950,25.625,2.309,3.941,9.012,1.862
Cliente_97,6281.204,5.383,22.742,7.529,19.046,1.310,22.333,4.421,14.539,19.797,3.021
Cliente_97,2919.604,5.526,12.054,1.489,36.473,7.075,12.097,0.896,5.155,7.405,8.093
Cliente_97,9163.047,8.833,22.633,8.452,58.119,2.945,10.187,0.474,19.731,4.651,2.678
Cliente_98,6689.826,7.810,10.171,9.184,72.668,4.016,45.871,0.789,18.095,1.720,1.108
Cliente_98,2206.458,5.948,12.286,14.755,71.011,6.477,22.354,4.145,10.964,18.545,0.833
Cliente_98,8822.978,6.036,14.305,1.976,97.513,6.265,39.517,4.886,15.564,12.363,7.238
Cliente_98,7969.445,7.709,2.914,8.275,72.435,4.441,40.290,7.644,16.309,18.972,0.352
Cliente_98,8304.676,9.695,24.637,14.863,39.884,6.765,34.791,5.235,5.895,15.046,1.658
Cliente_98,1679.661,5.604,19.848,12.832,67.182,3.092,12.397,0.898,21.729,7.245,1.547
Cliente_98,1671.306,6.069,11.700,2.986,89.557,6.287,24.981,1.570,14.244,6.284,3.918
Cliente_98,4157.384,6.783,2.953,14.406,38.617,9.895,21.865,2.892,3.903,13.228,0.205
Cliente_98,1077.731,5.868,7.338,9.198,86.640,3.093,16.067,2.482,28.007,15.449,0.798
Cliente_98,3272.088,7.011,9.744,14.731,53.392,6.547,18.175,1.980,8.155,10.897,0.662
Cliente_99,9775.697,6.242,6.581,11.012,80.316,8.142,28.546,3.001,9.864,10.513,0.598
Cliente_99,6480.816,8.437,19.397,5.016,17.201,1.178,28.144,4.160,14.599,14.782,3.867
Cliente_99,2885.263,8.598,5.104,10.964,97.530,4.433,25.006,2.585,22.002,10.338,0.466
Cliente_99,237.910,8.040,6.922,4.051,45.842,8.686,34.241,6.365,5.277,18.588,1.709
Cliente_99,8469.502,6.907,3.661,3.058,25.099,7.830,12.878,2.429,3.206,18.865,1.197
Cliente_99,3313.371,6.608,18.186,4.110,49.724,9.294,15.466,3.007,5.350,19.439,4.425
Cliente_99,2423.248,7.212,25.105,4.638,55.476,6.357,28.770,2.327,8.727,8.090,5.413
Cliente_99,5393.578,5.030,28.023,7.000,76.144,2.375,16.189,1.668,32.058,10.301,4.003
Cliente_99,9066.414,9.349,7.853,9.716,78.429,7.540,17.585,2.318,10.402,13.180,0.808
Cliente_99,6650.395,5.350,3.267,4.442,83.764,3.316,10.513,1.280,25.264,12.178,0.735
Cliente_100,4088.467,7.548,19.298,12.702,48.065,7.549,49.481,7.114,6.367,14.377,1.519
Cliente_100,389.230,7.443,20.616,0.679,84.677,1.800,42.656,2.031,47.047,4.762,30.368
Cliente_100,9216.111,8.442,21.227,11.679,32.758,6.726,10.063,0.449,4.871,4.458,1.817
Cliente_100,3848.875,8.482,19.715,9.844,37.200,7.990,12.794,2.434,4.656,19.021,2.003
Cliente_100,5656.520,8.255,8.579,13.795,97.092,4.100,37.853,3.620,23.684,9.563,0.622
Cliente_100,1943.088,9.633,14.209,6.266,69.264,2.284,30.998,5.106,30.320,16.473,2.268
Cliente_100,4363.543,8.678,20.751,8.999,44.451,7.739,36.181,1.638,5.744,4.527,2.306
Cliente_100,2553.329,6.212,8.374,13.564,37.718,9.370,39.322,0.834,4.025,2.121,0.617
Cliente_100,9130.947,5.173,18.462,8.019,47.045,4.582,16.825,0.752,10.268,4.472,2.302
Cliente_100,7222.731,9.066,28.602,3.238,88.876,3.773,24.986,3.854,23.556,15.424,8.833
